name,price,datetime
Divine Star x10,20000,2025-03-03T11:21:03
Divine Star x10,20000,2025-03-03T11:21:03
Divine Star x10,20000,2025-03-03T11:21:03
Advanced Orb of Alchemy,4600,2025-03-03T10:57:46
Autogun,6112,2025-03-03T10:51:02
Brandish,1280,2025-03-03T09:32:42
Brandish,1280,2025-03-03T09:06:02
Advanced Orb of Alchemy,4487,2025-03-03T08:59:23
Advanced Orb of Alchemy,4487,2025-03-03T08:57:43
Advanced Orb of Alchemy,4487,2025-03-03T08:57:43
Elite Orb of Alchemy,8700,2025-03-03T08:56:03
Elite Orb of Alchemy,8700,2025-03-03T08:56:03
Spike Shower Recipe,14000,2025-03-03T08:46:02
Fiery Atomizer Recipe,12000,2025-03-03T08:31:02
Radiant Forge Prize Box,80000,2025-03-03T08:26:03
Dangerous Diablo Helm,35000,2025-03-03T07:46:02
Freeze Vial Bandolier,5800,2025-03-03T07:42:43
Divine Node Slime Guards,30000,2025-03-03T06:59:23
Divine Node Container,50000,2025-03-03T06:59:23
Divine Mote,520,2025-03-03T06:41:02
Divine Mote,520,2025-03-03T06:41:02
Volcanic Dapper Combo,70000,2025-03-03T06:21:06
Blaster,133333,2025-03-03T06:12:42
Phial of Phear,50,2025-03-03T05:52:42
Sinful Brew,25,2025-03-03T05:52:42
Zee Core,1000,2025-03-03T05:52:42
Hallow Barrel Belly,750,2025-03-03T05:52:42
Brute Core,20,2025-03-03T05:51:02
Iron Gear x2,75,2025-03-03T05:51:02
Monster Bone,200,2025-03-03T05:51:02
Fine Fabric,999,2025-03-03T05:42:42
Fine Fabric,999,2025-03-03T05:42:42
Fine Fabric,999,2025-03-03T05:42:42
Silver Lockbox,10000,2025-03-03T05:36:03
Golden Slime Coin x39,10000,2025-03-03T05:16:05
Flame Soul x40,10000,2025-03-03T04:34:22
Philoso Feather x30,8900,2025-03-03T04:34:22
Reaper Rib x30,8900,2025-03-03T04:34:22
Divine Star,1300,2025-03-03T04:27:42
Divine Star,1300,2025-03-03T04:27:42
Divine Star,1300,2025-03-03T04:27:42
Floating Amethysts,400000,2025-03-03T04:24:22
Blaster,129999,2025-03-03T03:52:42
Torchstone x100,4999,2025-03-03T03:49:22
Soul Dust x100,4999,2025-03-03T03:49:22
Snowfall Aura,300000,2025-03-03T03:46:03
Divine Valkyrie Wings,599266,2025-03-03T03:37:42
Shade Helm Recipe,5000,2025-03-03T03:37:42
Toasty Intel Tube,16000,2025-03-03T03:22:46
Advanced Orb of Alchemy,4489,2025-03-03T03:04:23
Military Node Slime Guards,840,2025-03-03T02:26:02
Military Node Slime Guards,165,2025-03-03T02:26:02
Regal Node Slime Guards,165,2025-03-03T02:26:02
Regal Node Slime Guards,840,2025-03-03T02:26:02
Fancy Node Slime Mask,228,2025-03-03T02:26:02
Slime Confetti x17,270,2025-03-03T02:24:26
Divine Star,1500,2025-03-03T02:24:22
"Slime, Small Firework x14",1261,2025-03-03T02:24:22
"Slime, Medium Firework x8",756,2025-03-03T02:24:22
"Slime, Large Firework x3",756,2025-03-03T02:24:22
Dusky Node Slime Guards,5400,2025-03-03T02:24:22
Fancy Node Slime Guards,1169,2025-03-03T02:24:22
Fancy Node Slime Guards,218,2025-03-03T02:24:22
Heavy Node Slime Guards,2000,2025-03-03T02:24:22
Recover Helm Front Accessory,165000,2025-03-03T02:17:46
Military Flower,37100,2025-03-03T02:11:05
Fancy Ribbon,5600,2025-03-03T02:06:02
Hacked Aura,600000,2025-03-03T02:04:22
Divine Cat Tail,300000,2025-03-03T02:02:42
Sprinkle Aura,300000,2025-03-03T02:01:02
Prismatic Glow-Eyes,500000,2025-03-03T01:59:22
Shining Forge Prize Box,100000,2025-03-03T01:57:42
Fine Fabric,999,2025-03-03T01:52:42
Fine Fabric,999,2025-03-03T01:52:42
Radiant Forge Prize Box,145000,2025-03-03T01:34:22
Breach Blaster Recipe,14000,2025-03-03T01:24:22
Shadow Key,88888,2025-03-03T00:51:02
Frosty Maid Headband,66,2025-03-03T00:49:25
Divine Star,1500,2025-03-03T00:46:02
Autumn Round Shades,72333,2025-03-03T00:41:05
Frosty Spike Mohawk,786,2025-03-03T00:41:05
Polar Sensor Unit,403,2025-03-03T00:41:05
Toasty Goggles,520,2025-03-03T00:41:05
Frosty Headband,575,2025-03-03T00:37:43
Toasty Wolver Tail,195999,2025-03-03T00:12:45
Winter's Edge,2422222,2025-03-03T00:12:42
Prismatic Party Hat,163000,2025-03-03T00:11:02
Grey Sensor Unit,12999,2025-03-03T00:11:02
Gold Wolf Helm,70000,2025-03-03T00:11:02
Dusky Tome of Rage,235000,2025-03-03T00:11:02
Wayward Compass,850000,2025-03-03T00:11:02
Prismatic Wings,329999,2025-03-03T00:11:02
Divine Wolver Tail,200000,2025-03-03T00:11:02
Heavy Wolver Tail,202000,2025-03-03T00:11:02
Military Wolver Tail,135999,2025-03-03T00:11:02
Hallow Plate Mail,540,2025-03-02T23:52:44
Hallow Raiment,999,2025-03-02T23:51:04
Hallow Plate Mail,420,2025-03-02T23:51:04
Hallow Culet,500,2025-03-02T23:51:04
Hallow Flak Jacket,238,2025-03-02T23:49:24
Hallow Cuirass,69,2025-03-02T23:49:24
Hallow Flak Jacket,81,2025-03-02T23:49:24
Autogun,891,2025-03-02T22:51:02
Autogun,52000,2025-03-02T22:51:02
Divine Orb x3,4500,2025-03-02T22:21:02
Firestorm Raider Helm,16000,2025-03-02T22:07:42
Divine Star x10,19999,2025-03-02T21:37:41
Divine Star,1666,2025-03-02T21:37:41
Divine Star,1666,2025-03-02T21:37:41
Kilowatt Pulsar Recipe,7000,2025-03-02T21:06:03
Silver Lockbox,1580,2025-03-02T20:49:23
Military Node Receiver,5630,2025-03-02T20:21:03
Military Node Container,3222,2025-03-02T20:21:01
Toasty Node Receiver,15000,2025-03-02T20:21:01
Spike Shower Recipe,12000,2025-03-02T18:52:41
Hallow Scale Helm,630,2025-03-02T18:22:41
Hallow Barrel Belly,500,2025-03-02T18:22:41
Hallow Binocular Visor,500,2025-03-02T18:22:41
Hallow Canteen,500,2025-03-02T18:22:41
Hallow Goggles,540,2025-03-02T18:22:41
Hallow Vented Visor,520,2025-03-02T18:22:41
Hallow Sensor Unit,520,2025-03-02T18:22:41
Hallow Sallet,500,2025-03-02T18:21:01
Fiendish Ur Glyph,201,2025-03-02T17:43:55
Fiendish Ur Glyph,201,2025-03-02T17:43:55
Fiendish Ur Glyph,201,2025-03-02T17:43:55
Fiendish Nok Glyph x5,1000,2025-03-02T17:42:15
Fiendish Sol Glyph x5,1000,2025-03-02T17:42:15
Fiendish Tor Glyph x5,1000,2025-03-02T17:42:15
Fiendish Ur Glyph x4,1000,2025-03-02T17:42:15
Fiendish Amu Glyph x5,1000,2025-03-02T17:42:15
Fiendish Nok Glyph x5,1000,2025-03-02T17:42:15
Fiendish Sol Glyph x5,1000,2025-03-02T17:42:15
Fiendish Tor Glyph x5,1000,2025-03-02T17:42:15
Fiendish Sol Glyph,201,2025-03-02T17:42:15
Fiendish Sol Glyph,201,2025-03-02T17:42:15
Fiendish Sol Glyph,201,2025-03-02T17:42:15
Toasty Node Slime Guards,5000,2025-03-02T17:40:35
Fancy Node Slime Guards,5200,2025-03-02T17:40:35
Fiendish Amu Glyph x5,1000,2025-03-02T17:40:35
Fiendish Nok Glyph x5,1000,2025-03-02T17:40:35
Fiendish Sol Glyph x5,1000,2025-03-02T17:40:35
Fiendish Tor Glyph x5,1000,2025-03-02T17:40:35
Fiendish Ur Glyph x5,1000,2025-03-02T17:40:35
Fiendish Amu Glyph x5,1000,2025-03-02T17:40:35
Military Node Slime Guards,5000,2025-03-02T17:39:22
Military Node Slime Mask,2000,2025-03-02T17:38:55
Toasty Node Slime Mask,4000,2025-03-02T17:38:55
Firestorm Raider Helm,50000,2025-03-02T17:05:35
Toasty Slimed Aura,175000,2025-03-02T16:31:02
Elemental Blaster Recipe,8000,2025-03-02T13:34:23
Elite Orb of Alchemy,8499,2025-03-02T12:26:02
Elite Orb of Alchemy,8499,2025-03-02T12:26:02
Elite Orb of Alchemy,8499,2025-03-02T12:26:02
Advanced Orb of Alchemy,4498,2025-03-02T12:26:02
Advanced Orb of Alchemy,4498,2025-03-02T12:26:02
Brandish,100000,2025-03-02T12:01:02
Divine Star x6,12500,2025-03-02T09:51:03
Silver Lockbox,1810,2025-03-02T09:47:42
Darkfang Shield,28700,2025-03-02T09:42:43
Shadow Stone,1000,2025-03-02T09:12:15
Power Dust x3,3000,2025-03-02T09:08:55
Heavy Node Receiver,6000,2025-03-02T08:31:03
Regal Node Container,9600,2025-03-02T08:31:03
Shadowtech Alchemer Recipe,2000,2025-03-02T08:31:02
Slime Confetti x16,33,2025-03-02T08:22:43
Toasty Node Receiver,12600,2025-03-02T08:22:15
Toasty Node Receiver,4433,2025-03-02T08:22:15
"Slime, Medium Firework x5",675,2025-03-02T08:22:15
"Slime, Small Firework x10",1391,2025-03-02T08:22:15
"Slime, Large Firework x4",675,2025-03-02T08:22:15
Military Node Slime Guards,159,2025-03-02T08:14:23
Advanced Orb of Alchemy,4498,2025-03-02T06:51:03
Advanced Orb of Alchemy,4498,2025-03-02T06:51:03
Advanced Orb of Alchemy,4498,2025-03-02T06:51:03
Elite Orb of Alchemy,8500,2025-03-02T06:49:22
Elite Orb of Alchemy,8500,2025-03-02T06:49:22
Titanium Lockbox,8000,2025-03-02T06:45:04
Autogun,1200,2025-03-02T06:10:04
Firestorm Raider Tunic,79999,2025-03-02T06:01:02
Divine Mote x10,1100,2025-03-02T06:00:04
Divine Mote x8,1000,2025-03-02T06:00:04
Ignition Armor,379999,2025-03-02T05:48:24
Brandish,1333,2025-03-02T05:41:02
Brandish,1333,2025-03-02T05:41:02
Brandish,1333,2025-03-02T05:41:02
Mega Tundrus Recipe,17000,2025-03-02T05:38:24
Fusion Blaster Recipe,14000,2025-03-02T05:30:04
Brandish,810,2025-03-02T05:24:22
Black Chaingun Recipe,12000,2025-03-02T04:56:02
Blazing Pulsar Recipe,12000,2025-03-02T04:56:02
Golden Slime Coin,500,2025-03-02T04:32:43
Fancy Braided Beard,199999,2025-03-02T04:15:04
Silversix Recipe,12600,2025-03-02T03:46:02
Dark Thorn Blade Recipe,14000,2025-03-02T03:24:22
Dark Thorn Blade Recipe,14000,2025-03-02T03:24:22
Fusion Blaster Recipe,14000,2025-03-02T03:24:22
Trick or Treat Confetti x26,9999,2025-03-02T03:18:24
Jack o' Bombhead Mask,24999,2025-03-02T03:16:02
Late Harvest Scale Helm,29999,2025-03-02T03:16:02
Hallow Fur Coat,29999,2025-03-02T03:13:24
Garish Winter Pullover,49999,2025-03-02T03:12:42
Military Plume,29999,2025-03-02T03:11:44
Divine Star,2100,2025-03-02T03:07:42
Divine Star x3,6000,2025-03-02T03:07:42
Divine Star,2100,2025-03-02T03:07:42
"Slime, Large Firework",500,2025-03-02T03:06:44
Raptor Recipe,13900,2025-03-02T03:06:02
"Slime, Medium Firework x2",2000,2025-03-02T03:05:04
Wolver Cap,2555,2025-03-02T02:48:24
Wolver Cap,2555,2025-03-02T02:48:24
Wolver Coat,2767,2025-03-02T02:48:24
Dusky Node Slime Wall,100000,2025-03-02T02:32:42
Faust Recipe,12000,2025-03-02T02:21:02
Fancy Node Slime Wall,60000,2025-03-02T02:10:04
Gold Lockbox,5200,2025-03-02T02:06:03
Dangerous Spike Mohawk,99000,2025-03-02T02:06:02
Dangerous Vertical Vents,500000,2025-03-02T02:05:04
Virulent Catalyzer Recipe,13500,2025-03-02T02:04:22
Hallow Crest,1000,2025-03-02T02:03:24
Divine Stranger Cap,150000,2025-03-02T02:01:44
Dangerous Oni Helm,150000,2025-03-02T02:01:02
Pulsar,75000,2025-03-02T01:51:02
Autogun,40000,2025-03-02T01:51:02
Silver Lockbox,8000,2025-03-02T01:47:42
Winter Grave Recipe,29000,2025-03-02T01:05:04
Elite Orb of Alchemy,8000,2025-03-02T00:54:22
Thwack Hammer Recipe,118,2025-03-02T00:26:44
Magnus,6990,2025-03-02T00:18:23
QQQ Slime Lockbox,9999,2025-03-02T00:06:02
QQQ Slime Lockbox,9999,2025-03-02T00:06:02
QQQ Slime Lockbox,9999,2025-03-02T00:06:02
QQQ Slime Lockbox,9999,2025-03-02T00:06:02
Hallow Goggles,1050,2025-03-02T00:02:42
Wildfire Recipe,29000,2025-03-01T23:16:44
Platinum Lockbox,11000,2025-03-01T22:54:22
Dark Briar Barrage Recipe,32000,2025-03-01T21:56:44
Grim Repeater Recipe,32000,2025-03-01T21:56:44
Zee Core x10,15000,2025-03-01T20:41:02
Zee Core x10,15000,2025-03-01T20:41:02
Zee Core x20,29000,2025-03-01T20:40:04
Zee Core x10,15000,2025-03-01T20:39:21
Blackhawk Recipe,14000,2025-03-01T20:05:04
Breach Blaster Recipe,14000,2025-03-01T20:05:04
Raptor Recipe,14000,2025-03-01T20:05:04
Fiendish Ur Glyph x5,1000,2025-03-01T19:33:23
Avenger Recipe,14000,2025-03-01T19:21:43
Spike Shower Recipe,13000,2025-03-01T19:21:43
Rock Salt,799,2025-03-01T18:46:43
Fine Fabric,999,2025-03-01T18:46:01
Charged Quicksilver Mail Recipe,14000,2025-03-01T18:34:21
Charged Quicksilver Helm Recipe,14000,2025-03-01T18:34:21
Dark Thorn Shield Recipe,14500,2025-03-01T18:33:23
Twisted Spine Cone Recipe,8000,2025-03-01T18:32:41
Electron Charge,150000,2025-03-01T18:21:43
Crest of Ur,3000,2025-03-01T18:16:01
Magnus,6999,2025-03-01T16:47:15
Soul Dust,5,2025-03-01T16:11:27
Faust Recipe,14444,2025-03-01T16:07:42
Brandish,129999,2025-03-01T15:56:02
Toasty Vitakit,60000,2025-03-01T15:27:42
Divine Orb x5,12222,2025-03-01T14:03:55
Elite Quick Draw Module,120000,2025-03-01T13:42:15
Prismatic Dragon Wings,270000,2025-03-01T13:36:02
Divine Stranger Robe,15700,2025-03-01T13:36:02
Autogun,130000,2025-03-01T13:16:27
Hallow Toupee,1200,2025-03-01T12:58:06
Hallow Side Blade,6000,2025-03-01T12:57:42
Blighted Bone x100,10000,2025-03-01T12:54:22
Ghost Bell x250,22500,2025-03-01T12:49:46
Blaze Pepper x100,10000,2025-03-01T12:48:55
Autogun,15000,2025-03-01T10:29:46
Autogun,25000,2025-03-01T10:29:46
Frosty Goggles,615,2025-03-01T10:27:15
Hallow Barrel Belly,15,2025-03-01T10:27:15
Hallow Goggles,90,2025-03-01T10:27:15
Hallow Knight Vision Goggles,132,2025-03-01T10:27:15
Hallow Munitions Pack,144,2025-03-01T10:27:15
Hallow Vented Visor,15,2025-03-01T10:27:15
Stoic Buster,31000,2025-03-01T10:18:55
Golden Slime Coin x4,2000,2025-03-01T10:15:35
Monster Bone x5,1000,2025-03-01T10:13:06
Warp Dust,1300,2025-03-01T10:13:06
Warp Dust,1500,2025-03-01T10:12:42
Royal Core x5,1200,2025-03-01T09:31:02
Royal Core x5,1200,2025-03-01T09:31:02
Royal Core x5,1200,2025-03-01T09:31:02
Royal Core x5,1200,2025-03-01T09:31:02
Royal Core x5,1200,2025-03-01T09:31:02
Fiendish Tor Glyph x6,5,2025-03-01T09:30:35
Fiendish Amu Glyph x4,5,2025-03-01T09:30:35
Plasma Cell x5,1200,2025-03-01T09:29:22
Plasma Cell x5,1200,2025-03-01T09:29:22
Plasma Cell x5,1200,2025-03-01T09:29:22
Crest of Ur x5,1200,2025-03-01T09:27:42
Crest of Ur x5,1200,2025-03-01T09:27:42
Crest of Ur x5,1200,2025-03-01T09:27:42
Crest of Ur x5,1200,2025-03-01T09:27:42
Crest of Ur x5,1200,2025-03-01T09:27:42
Advanced Orb of Alchemy,4500,2025-03-01T09:20:35
Advanced Orb of Alchemy,4500,2025-03-01T09:20:35
Advanced Orb of Alchemy,4500,2025-03-01T09:20:35
Elite Orb of Alchemy,8900,2025-03-01T09:18:55
Elite Orb of Alchemy,8900,2025-03-01T09:18:55
Elite Orb of Alchemy,8900,2025-03-01T09:18:55
Autogun,1700,2025-03-01T09:16:02
Autogun,1599,2025-03-01T09:15:35
Hallow Dapper Combo,6000,2025-03-01T09:12:15
Autogun,5000,2025-03-01T08:46:02
Autogun,10000,2025-03-01T08:44:22
Autogun,10000,2025-03-01T08:44:22
Military Node Container,15000,2025-03-01T08:44:22
Divine Node Slime Guards,15000,2025-03-01T08:43:06
Toasty Node Container,10000,2025-03-01T08:39:22
Toasty Node Receiver,10000,2025-03-01T08:39:22
Dusky Tailspin,15000,2025-03-01T08:38:55
Fancy Node Receiver,10000,2025-03-01T08:38:55
Regal Node Container,10000,2025-03-01T08:38:55
Regal Node Receiver,10000,2025-03-01T08:38:55
Cool Maid Headband,5000,2025-03-01T08:38:06
Cool Node Container,5600,2025-03-01T08:38:06
Dusky Node Container,5600,2025-03-01T08:38:06
Regal Node Slime Guards,10200,2025-03-01T08:37:42
Heavy Node Slime Guards,9000,2025-03-01T08:37:15
Fancy Node Slime Guards,9000,2025-03-01T08:36:26
Phantamos Recipe,30000,2025-03-01T08:35:35
Military Node Slime Mask,5000,2025-03-01T08:35:35
Regal Node Slime Mask,6300,2025-03-01T08:35:35
Divine Node Slime Mask,7000,2025-03-01T08:34:46
Volcanic Node Slime Mask,15000,2025-03-01T08:34:22
Frosty Splash Sarong,73000,2025-03-01T08:33:55
Electric Splash Trunks,20000,2025-03-01T08:33:55
Riftlocker Recipe,29000,2025-03-01T08:14:46
Fusion Blaster Recipe,14000,2025-03-01T08:14:46
Brandish,1111,2025-03-01T07:55:35
Radiant Forge Prize Box,130000,2025-03-01T07:11:04
Fiendish Amu Glyph x10,3000,2025-03-01T06:54:22
Faust Recipe,15000,2025-03-01T06:54:22
Fiendish Amu Glyph x10,3000,2025-03-01T06:52:42
Wolver Cap,2000,2025-03-01T06:13:24
Autogun,2555,2025-03-01T06:09:46
Flourish,2555,2025-03-01T06:09:46
Blaster,1999,2025-03-01T06:09:22
Blaster,1999,2025-03-01T06:09:22
Autogun,1999,2025-03-01T06:08:24
Autogun,1999,2025-03-01T06:08:24
Magic Hood,2999,2025-03-01T06:08:06
Magic Hood,2999,2025-03-01T06:08:06
Magic Cloak,2999,2025-03-01T06:08:06
Magic Cloak,2999,2025-03-01T06:08:06
Magic Cloak,2999,2025-03-01T06:08:06
Gel Core,10,2025-03-01T03:56:26
Monster Bone,200,2025-03-01T03:56:26
Phial of Phear,50,2025-03-01T03:56:26
Brimstone,50,2025-03-01T03:56:02
Peridot Lucky Topper,50000,2025-03-01T03:38:06
Shining Forge Prize Box,60000,2025-03-01T03:20:04
Cool Vitakit,50000,2025-03-01T03:18:06
Miracloth x2,999,2025-03-01T02:20:04
Miracloth x2,999,2025-03-01T02:20:04
Maiden's Tear,15000,2025-03-01T02:16:01
Silver Lockbox,2900,2025-03-01T01:54:21
Gigawatt Pulsar Recipe,20000,2025-03-01T01:36:26
Brandish,100000,2025-03-01T01:36:02
White Holiday Presents,24999,2025-03-01T01:31:01
Electron Charge,130000,2025-03-01T01:27:41
Brandish,500000,2025-03-01T01:27:41
Winter Grave Recipe,40000,2025-03-01T01:04:21
Mega Tundrus Recipe,20000,2025-03-01T01:04:21
Brandish,5000,2025-03-01T00:11:27
Fine Fabric,999,2025-03-01T00:08:06
Fine Fabric,999,2025-03-01T00:08:06
Brandish,45000,2025-02-28T23:58:06
Blaze Pepper x100,10000,2025-02-28T23:23:23
Crest of Ur x100,25000,2025-02-28T23:23:06
Nightmare Mane,22222,2025-02-28T23:18:06
Advanced Orb of Alchemy,4300,2025-02-28T22:54:46
Spark of Life,1543,2025-02-28T22:41:27
Spark of Life,1543,2025-02-28T22:41:27
Spark of Life,1543,2025-02-28T22:41:27
Spark of Life,1543,2025-02-28T22:41:27
Spark of Life,1543,2025-02-28T22:41:27
Spark of Life,1543,2025-02-28T22:41:27
Spark of Life,1543,2025-02-28T22:41:27
Spark of Life,1543,2025-02-28T22:41:27
Spark of Life,1543,2025-02-28T22:41:27
Plasma Cell,800,2025-02-28T22:34:46
Thunderball,800,2025-02-28T22:34:21
Silver Lockbox,15000,2025-02-28T22:26:26
Steel Lockbox,10000,2025-02-28T22:26:01
Haunted Aura,80000,2025-02-28T22:09:21
Flawed Snowball,1999,2025-02-28T21:53:06
Iron Wolf Armor,80000,2025-02-28T21:51:01
Toasty Goggles,4000,2025-02-28T21:38:06
Fine Fabric,999,2025-02-28T21:21:26
Barbarous Thorn Shield Recipe,29000,2025-02-28T21:11:26
Heavy Mech'tennas,50000,2025-02-28T20:26:01
Brandish,4000,2025-02-28T20:03:05
Brandish,4000,2025-02-28T20:03:05
Brandish,1600,2025-02-28T20:01:44
Eternal Orb of Alchemy,16950,2025-02-28T19:51:26
Fiendish Amu Glyph x5,1000,2025-02-28T18:43:05
Fiendish Nok Glyph x4,800,2025-02-28T18:43:05
Fiendish Sol Glyph x5,1000,2025-02-28T18:43:05
Fiendish Tor Glyph x5,1000,2025-02-28T18:43:05
Hallow Dapper Combo,1100,2025-02-28T18:21:01
Jack o' Bombhead Mask,1260,2025-02-28T18:21:01
Regal Field Cap,1150,2025-02-28T18:19:21
Toasty Helm Guards,1200,2025-02-28T18:17:41
Regal Grand Topper,1440,2025-02-28T18:17:41
Hallow Crescent Helm,1200,2025-02-28T18:16:01
Hallow Tailed Helm,1050,2025-02-28T18:16:01
Jack o' Bombhead Mask,1200,2025-02-28T18:15:35
Cool Binoculars,1050,2025-02-28T18:13:55
Hallow Intel Tube,1000,2025-02-28T18:13:05
Hallow Wide Vee,1000,2025-02-28T18:13:05
Hallow Canteen,1260,2025-02-28T18:12:41
Shadow Orb x6,9000,2025-02-28T17:06:32
Power Orb x2,2500,2025-02-28T17:04:52
Fusion Blaster Recipe,13000,2025-02-28T16:17:15
Hallow Pith Helm,1000,2025-02-28T15:27:15
Hallow Cuirass,1000,2025-02-28T15:25:35
Fusion Blaster Recipe,15000,2025-02-28T15:18:06
Frosty Intel Tube,15000,2025-02-28T12:59:46
Gold Lockbox,8000,2025-02-28T12:58:06
Shadow Blaster Recipe,8000,2025-02-28T12:28:55
Advanced Orb of Alchemy,4899,2025-02-28T09:46:26
Advanced Orb of Alchemy,4899,2025-02-28T09:46:26
Fiendish Amu Glyph x10,3000,2025-02-28T09:33:24
Brandish,2200,2025-02-28T09:27:15
Regal Targeting Module,1440,2025-02-28T09:08:55
Frosty Plate Helm,10000,2025-02-28T09:02:15
Pierce Blaster Recipe,6000,2025-02-28T08:50:35
Elite Orb of Alchemy,8900,2025-02-28T08:48:06
Elite Orb of Alchemy,8900,2025-02-28T08:48:06
Autogun,1444,2025-02-28T08:46:32
Autogun,1444,2025-02-28T08:46:32
Brandish,1444,2025-02-28T08:46:32
Brandish,1444,2025-02-28T08:46:32
Magic Cloak,2555,2025-02-28T08:46:32
Magic Cloak,2555,2025-02-28T08:46:32
Brandish,1444,2025-02-28T08:46:26
Brandish,1444,2025-02-28T08:46:26
Wolver Coat,2555,2025-02-28T08:46:26
Wolver Coat,2555,2025-02-28T08:46:26
Divine Tome of Rage,392000,2025-02-28T08:30:35
Arcana Recipe,31000,2025-02-28T08:21:26
Spike Shower Recipe,15000,2025-02-28T08:09:52
Sacred Falcon Sentinel Armor Recipe,30000,2025-02-28T08:09:46
Advanced Orb of Alchemy,4599,2025-02-28T08:08:06
Silver Lockbox,9999,2025-02-28T07:47:15
Silver Lockbox,9999,2025-02-28T07:46:44
Military Helm-Mounted Display,23500,2025-02-28T07:45:35
Military Intel Tube,47500,2025-02-28T07:45:04
"Slime, Large Firework x6",896,2025-02-28T07:42:15
"Slime, Small Firework x18",1980,2025-02-28T07:42:15
Slime Confetti x40,1580,2025-02-28T07:36:44
Philoso Feather x5,1200,2025-02-28T07:15:04
Philoso Feather x5,1200,2025-02-28T07:15:04
Philoso Feather x5,1200,2025-02-28T07:15:04
Philoso Feather x5,1200,2025-02-28T07:15:04
Philoso Feather x5,1200,2025-02-28T07:15:04
Philoso Feather x5,1200,2025-02-28T07:15:04
Philoso Feather x5,1200,2025-02-28T07:15:04
Philoso Feather x5,1200,2025-02-28T07:15:04
Power Orb x4,4000,2025-02-28T07:10:04
Frosty Wind-up Key,23700,2025-02-28T06:50:04
Toasty Node Container,8000,2025-02-28T06:46:26
Dusky Targeting Module,15400,2025-02-28T06:45:05
Heavy Grand Topper,6000,2025-02-28T06:44:46
Slumber Headband,5200,2025-02-28T06:44:46
Glacial Toupee,11000,2025-02-28T06:43:24
Heavy Canteen,5000,2025-02-28T06:43:24
Frosty Mustache,5000,2025-02-28T06:43:06
Frosty Pipe,15000,2025-02-28T06:43:06
Fancy Node Container,5200,2025-02-28T06:41:44
Radiant Forge Prize Box,80000,2025-02-28T06:01:32
Winter Grave Recipe,40000,2025-02-28T05:53:06
Silver Lockbox,10000,2025-02-28T05:51:26
Fancy Headband,2500,2025-02-28T05:51:26
Advanced Orb of Alchemy,4599,2025-02-28T05:49:46
Advanced Orb of Alchemy,4599,2025-02-28T05:48:06
Spike Shower Recipe,12999,2025-02-28T05:18:06
Grinchlin Snowball,1999,2025-02-28T04:58:06
Swiftstrike Buckler,55555,2025-02-28T04:51:26
Silver Lockbox,3022,2025-02-28T04:41:44
Silver Lockbox,10000,2025-02-28T04:06:26
Military Node Receiver,20000,2025-02-28T03:26:44
Military Node Receiver,20000,2025-02-28T03:26:44
Cool Node Receiver,50000,2025-02-28T03:21:32
Cool Node Container,50000,2025-02-28T03:21:26
Heavy Node Container,20000,2025-02-28T03:19:52
Volcanic Node Container,50000,2025-02-28T03:19:52
Regal Node Receiver,15000,2025-02-28T03:19:46
Dusky Binocular Visor,5000,2025-02-28T03:13:12
Hallow Crescent Helm,5000,2025-02-28T02:14:46
Gold Wolf Armor,80000,2025-02-28T02:01:26
Iron Wolf Helm,70000,2025-02-28T02:01:26
Prime Bombhead Mask,30000,2025-02-28T01:26:32
Dark Thorn Blade Recipe,14000,2025-02-28T01:26:26
Dark Thorn Blade Recipe,14000,2025-02-28T01:26:26
Black Chaingun Recipe,14000,2025-02-28T01:10:03
Pierce Blaster Recipe,7000,2025-02-28T00:14:46
Titanium Lockbox,3222,2025-02-27T23:35:03
QQQ Slime Lockbox,14999,2025-02-27T23:18:06
QQQ Slime Lockbox,14999,2025-02-27T23:18:06
Mirrored Lockbox,1000000,2025-02-27T23:16:44
Tundrus,15700,2025-02-27T22:51:43
QQQ Slime Lockbox,22999,2025-02-27T22:41:27
Zee Core x10,17999,2025-02-27T22:39:46
Shadow Orb x5,11111,2025-02-27T22:38:23
Power Orb x5,12222,2025-02-27T22:38:06
Power Orb x5,12222,2025-02-27T22:38:06
Shadow Orb x5,11111,2025-02-27T22:38:06
Gremlonium,18888,2025-02-27T22:36:43
Divine Orb x5,12222,2025-02-27T22:36:26
Divine Node Slime Guards,10000,2025-02-27T22:36:26
Toasty Node Slime Guards,10000,2025-02-27T22:36:26
Toasty Stranger Robe,49999,2025-02-27T22:35:03
Holly Striped Onesie,29999,2025-02-27T22:34:46
Joyous Striped Onesie,39999,2025-02-27T22:34:46
Tacky Winter Pullover,48888,2025-02-27T22:34:46
Dazed Splash Sarong,159999,2025-02-27T22:33:06
Celestial Mech'tennas,29999,2025-02-27T22:31:26
Flourish,10000,2025-02-27T22:29:47
Flourish,20000,2025-02-27T22:28:12
Iceburst Brandish,15000,2025-02-27T22:28:06
Flourish,120000,2025-02-27T22:28:06
Golden Slime Coin x43,20000,2025-02-27T21:44:53
Divine Star,1599,2025-02-27T20:26:26
Divine Star,1600,2025-02-27T20:26:26
Nightblade,35500,2025-02-27T19:28:05
Mod Calibrator,22999,2025-02-27T19:28:05
Silver Lockbox,19000,2025-02-27T19:26:26
Flourish,2555,2025-02-27T18:44:45
Wolver Coat,2444,2025-02-27T18:43:12
Wolver Cap,2444,2025-02-27T18:43:12
Magic Hood,2555,2025-02-27T18:43:12
Magic Hood,2555,2025-02-27T18:43:12
Iron Gear x2,75,2025-02-27T18:43:12
Monster Bone,200,2025-02-27T18:43:12
Autogun,1444,2025-02-27T18:43:12
Autogun,1444,2025-02-27T18:43:12
Blaster,2222,2025-02-27T18:43:12
Wolver Cap,2444,2025-02-27T18:43:05
Magic Hood,2555,2025-02-27T18:43:05
Phial of Phear,50,2025-02-27T18:43:05
Sinful Brew,25,2025-02-27T18:43:05
Swordstone,15,2025-02-27T18:43:05
Beast Scale,20,2025-02-27T18:41:25
Brute Core,20,2025-02-27T18:41:25
Fine Fabric,999,2025-02-27T18:36:32
Fine Fabric,999,2025-02-27T18:36:32
Dark Chaingun,52375,2025-02-27T18:28:05
Brandish,1499,2025-02-27T17:47:19
Silversix Recipe,11000,2025-02-27T17:03:59
Brandish,1500,2025-02-27T17:03:59
Brandish,1500,2025-02-27T17:03:59
Hallow Binocular Visor,158,2025-02-27T16:33:07
Grasping Aura,220000,2025-02-27T16:31:27
Hallow Headlamp,810,2025-02-27T16:31:27
Hallow Ribbon,880,2025-02-27T16:31:27
Hallow Dapper Combo,460,2025-02-27T16:31:27
Hallow Side Blade,2580,2025-02-27T16:31:27
Hallow Bomb Bandolier,348,2025-02-27T16:29:47
Hallow Goggles,520,2025-02-27T16:26:26
"Lavender, Medium Firework",174,2025-02-27T15:51:26
"Lavender, Medium Firework",166,2025-02-27T15:51:26
"Slime, Large Firework",5000,2025-02-27T15:49:52
"Slime, Medium Firework",2000,2025-02-27T15:49:52
"Slime, Small Firework",75,2025-02-27T15:49:52
Shockburst Brandish,15000,2025-02-27T15:01:32
Shockburst Brandish,15000,2025-02-27T15:01:26
Avenger Recipe,10500,2025-02-27T14:59:52
Autogun,95000,2025-02-27T14:43:12
Mod Calibrator,15000,2025-02-27T14:40:39
Dark Chaingun Recipe,8000,2025-02-27T14:35:39
Black Chaingun Recipe,13500,2025-02-27T13:56:26
Eternal Orb of Alchemy,16950,2025-02-27T13:55:39
Eternal Orb of Alchemy,16950,2025-02-27T13:55:39
Titanium Lockbox,8000,2025-02-27T12:10:38
Divine Orb x9,12000,2025-02-27T11:06:26
Shadow Orb,1000,2025-02-27T10:36:26
Divine Orb,1000,2025-02-27T10:36:26
Advanced Orb of Alchemy,4500,2025-02-27T08:58:12
Volcanic Node Slime Mask,15400,2025-02-27T08:38:06
Fancy Node Slime Mask,5000,2025-02-27T08:32:19
Divine Node Slime Mask,5000,2025-02-27T08:32:19
Divine Node Slime Guards,5200,2025-02-27T08:31:26
Cool Node Slime Guards,5000,2025-02-27T08:31:26
Military Node Slime Guards,5200,2025-02-27T08:30:38
Heavy Node Slime Guards,5000,2025-02-27T08:30:38
Fancy Node Receiver,10000,2025-02-27T08:29:46
Dusky Node Receiver,10000,2025-02-27T08:29:46
Dusky Node Container,10000,2025-02-27T08:29:46
Cool Node Container,10500,2025-02-27T08:29:46
Military Node Receiver,15000,2025-02-27T08:28:59
Military Node Container,15800,2025-02-27T08:28:59
Military Aero Spoiler,16400,2025-02-27T08:28:59
Bucket of Flawed Snowballs x4,39000,2025-02-27T08:26:26
Bucket of Bloons x6,34000,2025-02-27T08:24:46
Frosty Mustache,15000,2025-02-27T08:24:46
Silent Nightblade Recipe,12550,2025-02-27T08:08:58
Power Dust x8,600,2025-02-27T08:05:38
Dark Briar Barrage Recipe,29999,2025-02-27T07:55:38
Heat Amplifier (30 days),10000,2025-02-27T07:53:06
Autogun,30000,2025-02-27T07:39:46
Hallow Tailed Helm,3500,2025-02-27T07:20:38
Hallow Wide Vee,5500,2025-02-27T07:19:46
Hallow Knight Vision Goggles,3500,2025-02-27T07:18:59
Hallow Targeting Module,3000,2025-02-27T07:18:59
Hallow Targeting Module,3000,2025-02-27T07:18:59
Umbral Blaster Recipe,11500,2025-02-27T06:55:38
Fiendish Nok Glyph x5,1200,2025-02-27T06:48:12
Divine Star,3000,2025-02-27T06:39:46
Cool Maid Headband,540,2025-02-27T06:34:46
Heavy Maid Headband,540,2025-02-27T06:34:46
Heat Amplifier (30 days),30000,2025-02-27T06:08:58
Elite Orb of Alchemy,8700,2025-02-27T05:23:12
Elite Orb of Alchemy,8700,2025-02-27T05:23:12
Elite Orb of Alchemy,8700,2025-02-27T05:23:12
Advanced Orb of Alchemy,4500,2025-02-27T05:23:12
Advanced Orb of Alchemy,4500,2025-02-27T05:23:12
Advanced Orb of Alchemy,4500,2025-02-27T05:23:12
Elite Orb of Alchemy,8200,2025-02-27T04:42:18
Winter Confetti x10,200,2025-02-27T04:15:38
Trick or Treat Confetti x10,500,2025-02-27T04:13:58
Silver Lockbox,10000,2025-02-27T04:03:06
Phantamos Recipe,33333,2025-02-27T04:00:38
Advanced Orb of Alchemy,4900,2025-02-27T03:37:18
Advanced Orb of Alchemy,4900,2025-02-27T03:37:18
Advanced Orb of Alchemy,4900,2025-02-27T03:37:18
Advanced Orb of Alchemy,4900,2025-02-27T03:35:38
Advanced Orb of Alchemy,4900,2025-02-27T03:34:52
Brandish,1000,2025-02-27T03:23:06
Twisted Spine Cone Recipe,7000,2025-02-27T03:22:18
Grim Repeater Recipe,31500,2025-02-27T03:22:18
Spark of Life,1543,2025-02-27T02:41:26
Spark of Life,1543,2025-02-27T02:41:26
Spark of Life,1543,2025-02-27T02:41:26
Spark of Life,1543,2025-02-27T02:41:26
Spark of Life,1543,2025-02-27T02:41:26
Jack o' Bombhead Mask,24999,2025-02-27T02:26:26
Flashy Winter Pullover,59999,2025-02-27T02:24:46
Critter Carapace x10,500,2025-02-27T02:23:58
Beast Scale x10,600,2025-02-27T02:23:58
Candy Striped Onesie,24999,2025-02-27T02:23:58
Blue Shard x50,800,2025-02-27T02:23:58
Festively Striped Onesie,19999,2025-02-27T02:23:58
Blighted Bone x2,800,2025-02-27T02:23:12
Autumn Plate Mail,19999,2025-02-27T02:23:12
Autumn Draped Armor,19999,2025-02-27T02:23:06
Fiendish Ur Glyph,400,2025-02-27T02:13:06
Fiendish Ur Glyph,400,2025-02-27T02:11:26
Fiendish Ur Glyph,400,2025-02-27T02:11:26
Fiendish Ur Glyph,400,2025-02-27T02:11:26
Fiendish Amu Glyph,400,2025-02-27T02:09:46
Fiendish Amu Glyph,400,2025-02-27T02:09:46
Fiendish Amu Glyph,400,2025-02-27T02:09:46
Fiendish Amu Glyph,500,2025-02-27T02:09:46
Fiendish Amu Glyph,500,2025-02-27T02:09:46
Fiendish Amu Glyph,500,2025-02-27T02:09:46
Silversix Recipe,13500,2025-02-27T01:43:06
Silver Lockbox,10000,2025-02-27T01:34:46
Autogun,1444,2025-02-27T01:33:58
Reaper Rib x100,33333,2025-02-27T01:03:58
Flame Soul x100,33333,2025-02-27T01:03:58
Philoso Feather x100,33333,2025-02-27T01:03:58
Hallow Helm-Mounted Display,5000,2025-02-27T00:19:52
Silver Lockbox,10000,2025-02-27T00:18:57
Spiral Soaker,1069000,2025-02-26T23:49:45
Flawed Orb of Alchemy x2,1320,2025-02-26T23:39:45
Simple Orb of Alchemy,2100,2025-02-26T23:39:45
Unstable Core x10,115,2025-02-26T23:14:46
Vile Seal x100,100,2025-02-26T23:13:57
Toxic Core x10,100,2025-02-26T23:13:57
Torchstone x10,105,2025-02-26T23:13:12
Sharp Fang x100,105,2025-02-26T23:13:05
Silver Coil x10,165,2025-02-26T23:13:05
Spark Plug x100,110,2025-02-26T23:13:05
Snarbostuffing x5,10000,2025-02-26T23:13:05
Scrap Metal x100,115,2025-02-26T23:12:17
Red Shard x100,120,2025-02-26T23:12:17
Light Shard x100,110,2025-02-26T23:11:26
Monster Bone x10,120,2025-02-26T23:11:26
Phial of Phear x10,115,2025-02-26T23:11:26
Force Dynamo x10,110,2025-02-26T23:10:37
Green Shard x100,110,2025-02-26T23:10:37
Hailstone x10,110,2025-02-26T23:10:37
Fine Fabric x10,1260,2025-02-26T23:09:52
Dead Gold x10,100,2025-02-26T23:09:45
Drake Scale x10,105,2025-02-26T23:09:45
Ecto Drop x100,105,2025-02-26T23:09:45
Blue Shard x100,132,2025-02-26T23:08:57
Brute Core x10,100,2025-02-26T23:08:57
Dark Shard x100,110,2025-02-26T23:08:57
Calibur,811,2025-02-26T23:08:06
Owlite Shield,811,2025-02-26T23:08:05
Twisted Targe,7000,2025-02-26T23:08:05
Beast Scale x100,115,2025-02-26T23:08:05
Brandish,971,2025-02-26T23:07:17
Bristling Buckler,1950,2025-02-26T23:07:17
Wolver Cap,2500,2025-02-26T22:59:52
Ghost Bell x5,1111,2025-02-26T22:16:25
Iron Wolf Armor,70000,2025-02-26T21:46:26
Darkfang Shield,80000,2025-02-26T21:03:57
Golden Slime Coin x3,1500,2025-02-26T21:01:26
Golden Slime Coin x3,1500,2025-02-26T20:59:52
Golden Slime Coin x3,1500,2025-02-26T20:59:45
Golden Slime Coin x3,1500,2025-02-26T20:59:45
Brandish,1330,2025-02-26T20:56:26
Arcana Recipe,29000,2025-02-26T20:52:17
Breach Blaster Recipe,14000,2025-02-26T20:52:17
Cool Binocular Visor,5000,2025-02-26T19:20:37
Electron Charge,130000,2025-02-26T19:18:05
Electron Charge,130000,2025-02-26T19:15:37
Mod Calibrator,25000,2025-02-26T19:14:45
Silver Lockbox,7500,2025-02-26T19:06:32
Divine Orb x3,3333,2025-02-26T17:03:56
Power Orb x4,10000,2025-02-26T17:01:32
Brandish,6112,2025-02-26T17:00:36
Gigawatt Pulsar Recipe,13600,2025-02-26T16:52:16
Brandish,2070,2025-02-26T16:23:12
Brandish,2080,2025-02-26T16:23:12
Fiendish Nok Glyph,1000,2025-02-26T16:03:12
Fiendish Sol Glyph,1000,2025-02-26T16:03:12
Fiendish Amu Glyph,500,2025-02-26T15:44:52
Fiendish Tor Glyph,600,2025-02-26T15:43:12
Fiendish Ur Glyph,600,2025-02-26T15:43:12
QQQ Slime Lockbox,13999,2025-02-26T15:07:16
QQQ Slime Lockbox,14999,2025-02-26T15:07:16
Fine Fabric,999,2025-02-26T15:07:16
Fine Fabric,999,2025-02-26T15:07:16
Fine Fabric,999,2025-02-26T15:07:16
Dark Chaingun Recipe,10000,2025-02-26T15:00:36
Haunted Aura,34000,2025-02-26T14:58:56
Rocky Core x100,12000,2025-02-26T14:36:32
Ghost Bell x100,10000,2025-02-26T14:32:16
Blighted Bone x100,10000,2025-02-26T14:31:32
Blighted Bone x100,10000,2025-02-26T14:31:32
Ghost Bell x100,10000,2025-02-26T14:31:32
Crest of Ur x100,40000,2025-02-26T14:29:52
Divine Star,2200,2025-02-26T14:28:56
Divine Star,2200,2025-02-26T14:28:56
Divine Star,2200,2025-02-26T14:28:56
Divine Star,2200,2025-02-26T14:28:56
Divine Star,2200,2025-02-26T14:28:56
Tundrus Recipe,8000,2025-02-26T13:55:36
Regal Node Slime Guards,2500,2025-02-26T12:43:12
Shadow Steel x3,1200,2025-02-26T12:09:52
Philoso Feather x10,4000,2025-02-26T12:08:12
Philoso Feather x10,4000,2025-02-26T12:08:12
Reaper Rib x10,4000,2025-02-26T12:08:12
Reaper Rib x10,4000,2025-02-26T12:08:12
Flame Soul x10,4000,2025-02-26T12:07:16
Flame Soul x10,4000,2025-02-26T12:07:16
Flame Soul x10,4000,2025-02-26T12:07:16
Gold Lockbox,12500,2025-02-26T12:06:32
Gold Lockbox,12500,2025-02-26T12:06:32
Gold Lockbox,7500,2025-02-26T12:05:38
Gold Lockbox,12500,2025-02-26T12:04:52
Gold Lockbox,10000,2025-02-26T12:03:59
Toasty Intel Tube,5000,2025-02-26T10:54:52
Squall Raider Helm,25000,2025-02-26T10:53:56
Squall Raider Tunic,60000,2025-02-26T10:53:56
Brandish,1060,2025-02-26T10:39:52
Flourish,810,2025-02-26T10:39:52
Power Orb x8,6000,2025-02-26T10:34:52
Avenger Recipe,12000,2025-02-26T10:24:52
Golden Slime Coin x3,2000,2025-02-26T10:24:52
Silver Key,34000,2025-02-26T10:13:12
Shadow Stranger Cap,109999,2025-02-26T09:38:56
Shadow Stranger Robe,109999,2025-02-26T09:38:56
Faust Recipe,13490,2025-02-26T08:50:36
Twisted Spine Cone Recipe,8000,2025-02-26T08:37:16
Dark Chaingun Recipe,8000,2025-02-26T08:37:16
Peridot Gold Buckled Coat,34000,2025-02-26T08:26:32
Advanced Orb of Alchemy,4600,2025-02-26T08:25:38
Advanced Orb of Alchemy,4600,2025-02-26T08:25:38
Elite Orb of Alchemy,8200,2025-02-26T08:23:59
Elite Orb of Alchemy,8200,2025-02-26T08:23:59
Elite Orb of Alchemy,8200,2025-02-26T08:23:59
Advanced Orb of Alchemy,4600,2025-02-26T08:23:59
Gran Faust Recipe,35000,2025-02-26T07:52:18
Magic Cloak,9999,2025-02-26T07:48:55
Kat Tribe Fetish,9999,2025-02-26T07:47:16
Kat Tribe Fetish,13999,2025-02-26T07:46:32
Kat Tribe Fetish,13999,2025-02-26T07:46:32
Zee Core x8,14444,2025-02-26T07:46:32
Divine Star x5,18888,2025-02-26T07:43:55
Divine Star x5,18888,2025-02-26T07:43:55
Divine Orb x5,14444,2025-02-26T07:43:12
Divine Orb x5,13333,2025-02-26T07:42:16
Silver Lockbox,4000,2025-02-26T06:27:16
Fancy Headband,21111,2025-02-26T05:53:12
Gold Lockbox,21111,2025-02-26T05:48:56
Prismatic Bolted Vee,8888,2025-02-26T05:48:12
Regal Barrel Belly,11111,2025-02-26T05:48:12
Regal Headband,11111,2025-02-26T05:48:12
Military Vented Visor,11111,2025-02-26T05:47:16
Military Binocular Visor,21111,2025-02-26T05:46:32
Kilowatt Pulsar Recipe,6000,2025-02-26T05:36:32
Magic Cloak,9999,2025-02-26T05:11:32
Wolver Cap,5555,2025-02-26T05:06:32
Dark Chaingun,42499,2025-02-26T05:06:32
Flourish,2555,2025-02-26T05:05:35
Magic Hood,9999,2025-02-26T05:05:35
Wolver Cap,3333,2025-02-26T05:05:35
Wolver Cap,3333,2025-02-26T05:05:35
Magic Hood,2555,2025-02-26T05:00:35
Magic Hood,2555,2025-02-26T05:00:35
Magic Cloak,2555,2025-02-26T05:00:35
Magic Cloak,2555,2025-02-26T05:00:35
Autogun,1444,2025-02-26T05:00:35
Autogun,1444,2025-02-26T05:00:35
Autogun,1444,2025-02-26T05:00:35
Magic Cloak,2555,2025-02-26T04:59:52
Silver Lockbox,10000,2025-02-26T04:58:55
Silver Lockbox,10000,2025-02-26T04:58:55
Silver Lockbox,10000,2025-02-26T04:57:15
Silver Lockbox,10000,2025-02-26T04:57:15
Autogun,30000,2025-02-26T04:38:55
Autogun,1500,2025-02-26T04:33:55
Autogun,1500,2025-02-26T04:33:55
Autogun,1500,2025-02-26T04:33:55
Fancy Flower,44444,2025-02-26T03:59:52
Celestial Ore,4700,2025-02-26T03:54:52
Flame Soul x100,33333,2025-02-26T03:40:35
Philoso Feather x100,33333,2025-02-26T03:40:35
Reaper Rib x100,33333,2025-02-26T03:40:35
Dead Gold x3,2000,2025-02-26T03:25:35
Silver Key,37500,2025-02-26T02:46:32
Brandish,130000,2025-02-26T02:46:32
Autogun,130000,2025-02-26T02:42:16
Brandish,300000,2025-02-26T02:38:55
Brandish,100000,2025-02-26T02:38:55
Blaster,84000,2025-02-26T02:31:32
Autogun,500000,2025-02-26T02:23:56
Dusky Targeting Module,35000,2025-02-26T02:18:12
Platinum Lockbox,7500,2025-02-26T01:59:52
Sentenza Recipe,38000,2025-02-26T01:58:55
Avenger Recipe,13500,2025-02-26T01:58:55
Prime Bombhead Mask,16500,2025-02-26T01:28:12
Dangerous Oni Helm,180000,2025-02-26T01:21:32
Diamond Scale Mail,27000,2025-02-26T01:21:32
Heavy Node Slime Mask,10000,2025-02-26T00:59:52
Sinful Brew,25,2025-02-26T00:28:55
QQQ Slime Lockbox,12999,2025-02-26T00:27:15
Rock Salt,999,2025-02-26T00:24:52
Prismatic Bolted Vee,9999,2025-02-26T00:12:16
Elite Orb of Alchemy,8500,2025-02-25T23:50:35
Penta-Heart Pendant,170000,2025-02-25T23:46:32
Golden Slime Coin x12,1200,2025-02-25T23:22:17
Toxic Needle,47250,2025-02-25T23:07:16
Hot Edge,100000,2025-02-25T22:35:36
Elite Orb of Alchemy,8500,2025-02-25T22:22:16
Fine Fabric,999,2025-02-25T22:07:16
Fine Fabric,999,2025-02-25T22:07:16
Fine Fabric,999,2025-02-25T22:07:16
QQQ Slime Lockbox,12999,2025-02-25T22:07:16
Toasty Node Slime Mask,10000,2025-02-25T21:35:35
Grasping Aura,217000,2025-02-25T21:26:33
Serene Culet,200000,2025-02-25T21:10:35
Raptor Recipe,14000,2025-02-25T21:00:35
Kat Tribe Fetish,8888,2025-02-25T20:30:35
Kat Tribe Fetish,8888,2025-02-25T20:30:35
Autogun,1666,2025-02-25T20:28:55
Autogun,1666,2025-02-25T20:28:55
Blaster,2222,2025-02-25T20:28:55
Blaster,2222,2025-02-25T20:28:55
Wolver Cap,2555,2025-02-25T20:28:55
Wolver Cap,2555,2025-02-25T20:28:55
Wolver Coat,2555,2025-02-25T20:28:55
Wolver Coat,2555,2025-02-25T20:28:55
Wolver Coat,2555,2025-02-25T20:28:55
Magic Cloak,2888,2025-02-25T20:28:55
Magic Cloak,2777,2025-02-25T20:28:55
Magic Hood,2777,2025-02-25T20:28:55
Magic Cloak,2888,2025-02-25T20:28:55
Regal Wolver Tail,399999,2025-02-25T19:13:12
Brandish,3080,2025-02-25T18:56:33
Fiendish Nok Glyph x5,500,2025-02-25T17:58:55
Shadow Key,73000,2025-02-25T17:55:35
Riftlocker Recipe,37000,2025-02-25T17:13:56
Wild Buster,65000,2025-02-25T17:08:55
Iron Wolf Helm,70000,2025-02-25T16:08:56
Arcana Recipe,37499,2025-02-25T15:23:55
Winter Grave Recipe,37499,2025-02-25T15:23:55
Shadow Key,80000,2025-02-25T14:22:18
Elite Orb of Alchemy,8300,2025-02-25T14:17:15
Elite Orb of Alchemy,9499,2025-02-25T14:15:35
Toasty Node Container,20000,2025-02-25T13:33:55
Brandish,1150,2025-02-25T13:12:16
Brandish,1050,2025-02-25T13:12:16
Ash Tail Coat Recipe,15000,2025-02-25T11:15:36
Hallow Targeting Module,3750,2025-02-25T10:42:15
Plunge Prize Box,199999,2025-02-25T10:32:15
Fireburst Brandish,16500,2025-02-25T09:37:16
Advanced Orb of Alchemy,4299,2025-02-25T09:20:36
Advanced Orb of Alchemy,4299,2025-02-25T09:20:36
Advanced Orb of Alchemy,4299,2025-02-25T09:20:36
Spark of Life x10,12000,2025-02-25T08:55:35
Golden Slime Coin x20,3750,2025-02-25T08:53:55
Owlite Shield,2500,2025-02-25T07:35:35
Drake Scale x2,200,2025-02-25T06:22:18
Fine Fabric,999,2025-02-25T05:42:15
Fine Fabric,999,2025-02-25T05:42:15
Fine Fabric,999,2025-02-25T05:42:15
Jelly Glue,6500,2025-02-25T05:28:55
Jelly Glue,6500,2025-02-25T05:28:55
Twisted Targe Recipe,7000,2025-02-25T05:08:55
Elite Orb of Alchemy,9500,2025-02-25T05:00:35
Pulsar,30000,2025-02-25T04:55:35
Heavy Node Slime Wall,35000,2025-02-25T04:53:55
Electron Charge,7000,2025-02-25T04:50:35
Brandish,4000,2025-02-25T04:50:35
Shining Forge Prize Box,54000,2025-02-25T04:27:15
Darkfang Shield,47000,2025-02-25T04:27:15
Phial of Phear,50,2025-02-25T04:18:55
Sinful Brew,25,2025-02-25T04:18:55
Wicked Idol,10,2025-02-25T04:18:55
Silversix Recipe,12500,2025-02-25T04:18:55
Beast Scale,20,2025-02-25T04:17:15
Brimstone,50,2025-02-25T04:17:15
Brute Core,20,2025-02-25T04:17:15
Gel Drop,5,2025-02-25T04:17:15
Flourish Recipe,4000,2025-02-25T04:02:15
Fancy Maedate,50000,2025-02-25T04:02:15
Iron Lockbox,110000,2025-02-25T03:30:35
Penta-Heart Pendant,110000,2025-02-25T03:30:35
Elite Orb of Alchemy,7000,2025-02-25T03:02:15
Gold Wolf Armor,70000,2025-02-25T02:58:58
Gold Wolf Helm,49999,2025-02-25T02:57:15
Golden Slime Coin x10,2000,2025-02-25T02:43:57
Gremlonium,5000,2025-02-25T00:58:57
Fiendish Amu Glyph x15,5000,2025-02-25T00:25:35
Silent Nightblade Recipe,9500,2025-02-24T23:52:16
Golden Slime Coin x82,40000,2025-02-24T23:48:55
Blaster,222222,2025-02-24T23:27:15
Blaster,129999,2025-02-24T23:27:15
Blaster,69696,2025-02-24T23:25:35
Iron Wolf Armor,70000,2025-02-24T23:18:55
Blaster,129999,2025-02-24T22:57:16
Ghost Bell x100,13999,2025-02-24T21:57:15
Frosty Wide Vee,7000,2025-02-24T21:55:35
Ironwood x100,12000,2025-02-24T21:52:15
Mug of Misery x100,12000,2025-02-24T21:52:15
Divine Star,2000,2025-02-24T21:52:15
Blaze Pepper x100,10000,2025-02-24T21:50:34
Reaper Rib x100,25069,2025-02-24T21:48:54
Black Kat Cloak,240000,2025-02-24T21:43:54
Golden Slime Coin x7,1499,2025-02-24T21:18:54
Tri-Guard Armor,40000,2025-02-24T20:50:34
Galactic Guardian Vest,100000,2025-02-24T20:47:14
Volcanic Node Slime Mask,18000,2025-02-24T20:37:14
Magnus,11000,2025-02-24T20:27:15
Elite Orb of Alchemy,10000,2025-02-24T20:23:55
Eternal Orb of Alchemy,18000,2025-02-24T19:50:35
Eternal Orb of Alchemy,18000,2025-02-24T19:50:35
Elite Orb of Alchemy,8600,2025-02-24T19:48:55
Elite Orb of Alchemy,8600,2025-02-24T19:48:55
Elite Orb of Alchemy,8600,2025-02-24T19:48:55
Silversix Recipe,11500,2025-02-24T19:22:16
Faust Recipe,14000,2025-02-24T19:20:36
Divine Star,1800,2025-02-24T18:27:14
Divine Star,1800,2025-02-24T18:25:34
Hallow Canteen,1050,2025-02-24T18:17:14
Hallow Binocular Visor,1000,2025-02-24T18:17:14
Hallow Raiment,1000,2025-02-24T18:15:34
Hallow Culet,1000,2025-02-24T18:15:34
Hallow Winged Helm,1000,2025-02-24T18:15:34
Hallow Tailed Helm,1000,2025-02-24T18:15:34
Hallow Intel Tube,1111,2025-02-24T18:13:54
Hallow Maedate,1000,2025-02-24T18:13:54
Hallow Headlamp,1050,2025-02-24T18:12:14
Hallow Headlamp,1000,2025-02-24T18:12:14
Miracle Cloak Recipe,10000,2025-02-24T16:55:34
Advanced Orb of Alchemy,4300,2025-02-24T16:38:54
Fiendish Amu Glyph,300,2025-02-24T16:12:15
Fiendish Amu Glyph,300,2025-02-24T16:12:15
Fiendish Amu Glyph,300,2025-02-24T16:12:15
Fiendish Nok Glyph,300,2025-02-24T16:12:15
Fiendish Sol Glyph,300,2025-02-24T16:12:15
Fiendish Sol Glyph,300,2025-02-24T16:12:15
Fiendish Ur Glyph,300,2025-02-24T16:12:15
Fiendish Ur Glyph,300,2025-02-24T16:12:15
Fiendish Ur Glyph,300,2025-02-24T16:12:15
Fiendish Ur Glyph,300,2025-02-24T16:12:15
Reaper Rib x10,4000,2025-02-24T16:08:56
Enamorock,4000,2025-02-24T16:03:55
Nightmare Mane,30000,2025-02-24T15:10:34
Advanced Orb of Alchemy,5099,2025-02-24T14:53:54
Frost Gun,24,2025-02-24T13:13:56
Frost Gun,24,2025-02-24T13:13:56
Elite Orb of Alchemy,9500,2025-02-24T13:03:55
Royal Skewer x2,1000,2025-02-24T12:58:54
"Slime, Medium Firework",1400,2025-02-24T12:27:14
"Slime, Medium Firework",1700,2025-02-24T12:27:14
"Slime, Small Firework",600,2025-02-24T12:27:14
Light Shard x200,2500,2025-02-24T12:15:35
Flourish,32800,2025-02-24T12:03:56
Flourish,2980,2025-02-24T11:50:36
Flourish,2901,2025-02-24T11:50:36
Polaris Recipe,36000,2025-02-24T11:32:14
Iron Wolf Helm,55000,2025-02-24T11:17:16
Brandish,7500,2025-02-24T10:33:54
Autumn Cuirass,1050,2025-02-24T10:30:35
Autumn Culet,1100,2025-02-24T10:30:35
Autumn Culet,1050,2025-02-24T10:30:35
Autumn Culet,1050,2025-02-24T10:30:35
Autumn Culet,1050,2025-02-24T10:30:35
Autumn Culet,1050,2025-02-24T10:30:35
Autumn Draped Armor,1050,2025-02-24T10:30:35
Autumn Flak Jacket,1320,2025-02-24T10:30:35
Autumn Flak Jacket,1260,2025-02-24T10:30:35
Autumn Flak Jacket,1200,2025-02-24T10:30:35
Autumn Raiment,1260,2025-02-24T10:30:35
Autumn Raiment,1260,2025-02-24T10:30:35
Fancy Node Slime Guards,6300,2025-02-24T10:30:35
Autumn Cloak,50000,2025-02-24T10:28:55
Iron Lockbox,50000,2025-02-24T09:38:56
Iron Lockbox,46000,2025-02-24T09:32:16
Elite Orb of Alchemy,8500,2025-02-24T09:28:55
Dark Thorn Shield Recipe,15000,2025-02-24T09:15:35
Heavy Helm Guards,3499,2025-02-24T08:30:35
Hallow Binoculars,3000,2025-02-24T08:30:35
Hallow Barrel Belly,3000,2025-02-24T08:30:35
Hallow Barrel Belly,3000,2025-02-24T08:30:35
Dusky Node Slime Mask,30000,2025-02-24T08:30:35
Cool Side Blade,54999,2025-02-24T08:28:55
Autogun,1750,2025-02-24T08:15:35
Brandish,3500,2025-02-24T08:13:55
Magnus,16611,2025-02-24T08:12:15
Dusky Giga Shades,250000,2025-02-24T07:48:55
Silver Lockbox,12000,2025-02-24T07:32:16
Red Shard x30,500,2025-02-24T07:30:35
Gran Faust Recipe,32000,2025-02-24T06:58:55
Polaris Recipe,37000,2025-02-24T06:47:15
Silver Lockbox,10000,2025-02-24T06:42:15
Power Star x6,12000,2025-02-24T06:13:54
Shadow Valkyrie Wings,999999,2025-02-24T06:03:54
Fiendish Ur Glyph x5,3000,2025-02-24T05:17:14
Fiendish Sol Glyph x5,1000,2025-02-24T05:05:34
Fiendish Amu Glyph x5,1050,2025-02-24T05:05:34
Light Shard x20,400,2025-02-24T05:03:54
Fiendish Amu Glyph x5,800,2025-02-24T05:02:14
Brandish,751,2025-02-24T04:38:54
Brandish,751,2025-02-24T04:38:54
Brandish,751,2025-02-24T04:38:54
Brandish,751,2025-02-24T04:38:54
Brandish,751,2025-02-24T04:38:54
Autogun,149000,2025-02-24T04:02:13
Silver Lockbox,15000,2025-02-24T04:02:13
Festively Striped Onesie,18999,2025-02-24T03:30:35
Prismatic Dapper Combo,75000,2025-02-24T03:25:35
Snarbolax Coat,200000,2025-02-24T03:25:35
Ghost Bell,250,2025-02-24T03:22:13
Ghost Bell,250,2025-02-24T03:22:13
Mug of Misery,500,2025-02-24T03:18:53
Rocky Core,300,2025-02-24T03:18:53
Regal Targeting Module,1239,2025-02-24T03:10:36
Shining Forge Prize Box,69999,2025-02-24T03:07:13
Gigawatt Pulsar Recipe,18000,2025-02-24T03:05:35
Radiant Forge Prize Box,99999,2025-02-24T03:03:53
Gold Wolf Helm,30000,2025-02-24T03:02:16
Tech Blue Sun Shades,400000,2025-02-24T03:00:33
Tech Orange Sun Shades,420000,2025-02-24T03:00:33
Silversix Recipe,11999,2025-02-24T03:00:33
Hunter Lucky Topper,35000,2025-02-24T02:58:53
Gigawatt Pulsar Recipe,20000,2025-02-24T02:58:53
Ghost Bell x100,13999,2025-02-24T02:58:53
Sky Snipe Perch,23000,2025-02-24T02:58:53
Blaze Pepper x100,13999,2025-02-24T02:58:53
Maiden's Tear,10999,2025-02-24T02:58:53
Military Node Receiver,1510,2025-02-24T02:57:13
Lemon Snipe Perch,20000,2025-02-24T02:57:13
Dusky Flower,35000,2025-02-24T02:53:53
Dusky Node Receiver,1580,2025-02-24T02:53:53
Fancy Flower,42000,2025-02-24T02:53:53
Fancy Plume,1139,2025-02-24T02:53:53
Hallow Raiment,162,2025-02-24T02:52:16
Cool Slimed Aura,44000,2025-02-24T02:52:13
Volcanic Stranger Robe,20000,2025-02-24T02:50:33
Peridot Brigandine,25000,2025-02-24T02:48:53
Shadow Stranger Robe,120000,2025-02-24T02:48:53
Hallow Scale Helm,1000,2025-02-24T02:43:53
Hallow Tailed Helm,5000,2025-02-24T02:43:53
Hallow Winged Helm,1200,2025-02-24T02:43:53
Hallow Winged Helm,1100,2025-02-24T02:43:53
Iron Wolf Helm,45000,2025-02-24T02:43:53
Gold Wolf Helm,30000,2025-02-24T02:42:13
Celestial Nav Helm,58000,2025-02-24T02:40:33
Shining Forge Prize Box,42800,2025-02-24T02:37:16
Mod Calibrator,42222,2025-02-24T02:28:53
Miracloth,1500,2025-02-24T02:20:33
Sealed Sword,750000,2025-02-24T02:18:53
Swordstone,15,2025-02-24T02:15:33
Wicked Idol,10,2025-02-24T02:15:33
Divine Orb x5,13333,2025-02-24T02:13:53
Divine Orb x5,13333,2025-02-24T02:13:53
Beast Scale,20,2025-02-24T02:13:53
Brute Core,20,2025-02-24T02:13:53
Shadow Star x5,22222,2025-02-24T01:58:53
Shadow Orb x5,13333,2025-02-24T01:57:13
Divine Star x5,22222,2025-02-24T01:57:13
Flame Aura,450000,2025-02-24T01:50:35
Polar Helm Guards,4480,2025-02-24T01:38:56
Tundrus,5000,2025-02-24T01:32:13
Tundrus,5000,2025-02-24T01:32:13
Electron Charge,6300,2025-02-24T01:32:13
Shadow Toupee,44520,2025-02-24T01:25:36
Garnet Disciple Wings,440000,2025-02-24T01:23:56
Polar Mech'tennas,2480,2025-02-24T01:23:56
Aquamarine Crown,277000,2025-02-24T01:22:16
Floating Aquamarines,240000,2025-02-24T01:22:16
Peridot Disciple Wings,330000,2025-02-24T01:22:16
Garnet Crown,250000,2025-02-24T01:20:36
Floating Amethysts,225999,2025-02-24T01:20:36
Floating Garnets,370000,2025-02-24T01:18:56
Amethyst Crown,268000,2025-02-24T01:18:56
Silver Lockbox,25000,2025-02-24T01:17:15
Fiendish Ur Glyph x10,5000,2025-02-24T01:03:55
Sleep Vial Bandolier,200000,2025-02-24T00:57:16
Toasty Node Receiver,34999,2025-02-23T23:12:15
Verdant Splash Sarong,159999,2025-02-23T23:10:35
Freeze Vial Bandolier,59999,2025-02-23T23:10:35
Haunted Aura,79999,2025-02-23T23:10:35
Military Stranger Robe,59999,2025-02-23T23:08:55
Electric Splash Trunks,33333,2025-02-23T23:07:15
Squall Raider Helm,29999,2025-02-23T23:05:35
Winter Raider Helm,29999,2025-02-23T23:05:35
Flourish,1999,2025-02-23T23:02:15
Toxic Needle,59999,2025-02-23T23:02:15
Sharp Fang x15,500,2025-02-23T22:40:35
Light Shard x10,300,2025-02-23T22:40:35
Magnus,2000,2025-02-23T22:32:15
Twisted Spine Cone Recipe,7800,2025-02-23T21:48:53
Elite Orb of Alchemy,8298,2025-02-23T21:15:34
Elite Orb of Alchemy,8298,2025-02-23T21:15:34
Enamorock,4000,2025-02-23T20:03:55
Power Star x3,4500,2025-02-23T18:50:35
Enamorock,7500,2025-02-23T18:33:53
Enamorock,7500,2025-02-23T18:33:53
Enamorock,7500,2025-02-23T18:33:53
Enamorock,7500,2025-02-23T18:33:53
Enamorock,7500,2025-02-23T18:33:53
Enamorock,7500,2025-02-23T18:33:53
Enamorock,7500,2025-02-23T18:33:53
Cool Giga Shades,150000,2025-02-23T18:30:33
Power Stone x5,5000,2025-02-23T18:27:13
Shadow Stone x5,5000,2025-02-23T18:27:13
Avenger Recipe,15000,2025-02-23T18:27:13
Power Star x5,15000,2025-02-23T18:25:33
Shadow Star x5,15000,2025-02-23T18:25:33
Divine Orb x5,10000,2025-02-23T18:25:33
Power Orb x5,10000,2025-02-23T18:25:33
Shadow Mote,100,2025-02-23T18:23:52
Shadow Mote,100,2025-02-23T18:23:52
Divine Star x5,15000,2025-02-23T18:23:52
Blue Shard x100,2570,2025-02-23T18:22:13
Dark Shard x100,1570,2025-02-23T18:22:13
Fiendish Nok Glyph x5,4000,2025-02-23T17:20:20
Fiendish Nok Glyph x5,4000,2025-02-23T17:20:20
Fiendish Sol Glyph x5,4000,2025-02-23T17:20:20
Fiendish Sol Glyph x5,4000,2025-02-23T17:20:20
Fiendish Tor Glyph x5,4000,2025-02-23T17:20:20
Fiendish Tor Glyph x5,4000,2025-02-23T17:20:20
Fiendish Ur Glyph x5,4000,2025-02-23T17:20:20
Fiendish Ur Glyph x5,4000,2025-02-23T17:20:20
Spike Shower Recipe,14500,2025-02-23T16:48:40
Graviton Bomb Recipe,14500,2025-02-23T16:47:00
Frosty Spike Mohawk,20000,2025-02-23T16:43:40
QQQ Slime Lockbox,11999,2025-02-23T16:32:00
QQQ Slime Lockbox,11999,2025-02-23T16:32:00
QQQ Slime Lockbox,11999,2025-02-23T16:32:00
Polar Sensor Unit,16500,2025-02-23T16:17:14
Dusky Node Slime Mask,4000,2025-02-23T16:17:00
Plated Grizzly Pathfinder Helm Recipe,9000,2025-02-23T16:13:40
Autogun,10000,2025-02-23T16:12:00
Fusion Blaster Recipe,15000,2025-02-23T16:02:00
Sentenza Recipe,28888,2025-02-23T15:58:40
Wildfire Recipe,30000,2025-02-23T15:58:40
Avenger Recipe,12500,2025-02-23T15:58:40
Scissor Blades,1300000,2025-02-23T15:27:14
Mega Tundrus Recipe,15000,2025-02-23T14:47:14
Snarbolax Cap,1700000,2025-02-23T14:08:40
Fancy Node Slime Mask,5000,2025-02-23T14:02:14
Celestial Mech'tennas,25000,2025-02-23T13:53:54
Regal Mech'tennas,380,2025-02-23T13:48:55
Toasty Slimed Aura,36499,2025-02-23T13:42:15
Hallow Binocular Visor,115,2025-02-23T13:40:34
Hallow Knight Vision Goggles,220,2025-02-23T13:40:34
QQQ Slime Lockbox,12000,2025-02-23T13:40:20
QQQ Slime Lockbox,12000,2025-02-23T13:40:20
QQQ Slime Lockbox,12000,2025-02-23T13:40:20
QQQ Slime Lockbox,12000,2025-02-23T13:40:20
QQQ Slime Lockbox,12000,2025-02-23T13:38:54
Floating Amethysts,208000,2025-02-23T13:37:15
Toasty Node Container,6000,2025-02-23T13:35:35
Candy Striped Onesie,16600,2025-02-23T13:05:35
Silver Lockbox,8000,2025-02-23T12:32:00
Flame Soul x10,4000,2025-02-23T11:25:20
Flame Soul x7,2800,2025-02-23T11:25:20
Philoso Feather x9,3600,2025-02-23T11:25:20
Plasma Cell,500,2025-02-23T11:25:20
Reaper Rib x10,4000,2025-02-23T11:25:20
Reaper Rib x7,2800,2025-02-23T11:25:20
Hallow Targeting Module,12999,2025-02-23T10:38:55
Nightblade,88888,2025-02-23T10:33:39
Zapper,7999,2025-02-23T10:33:39
Electron Charge,69999,2025-02-23T10:23:39
Freezing Vaporizer Mk II,69999,2025-02-23T10:23:39
Frosty Fur Cap,17777,2025-02-23T10:21:59
Haunted Aura,54500,2025-02-23T10:07:14
Heavy Intel Tube,19999,2025-02-23T09:40:34
Regal Node Receiver,39999,2025-02-23T09:40:34
Military Stranger Robe,59999,2025-02-23T09:38:54
Celestial Nav Suit,139999,2025-02-23T09:37:14
Flourish,2222,2025-02-23T09:33:55
Autogun,1444,2025-02-23T09:27:00
Autogun,1444,2025-02-23T09:27:00
Blaster,2222,2025-02-23T09:27:00
Blaster,2222,2025-02-23T09:27:00
Brandish,1666,2025-02-23T09:27:00
Brandish,11111,2025-02-23T09:27:00
Flourish,2222,2025-02-23T09:27:00
Wolver Cap,2999,2025-02-23T09:27:00
Wolver Cap,2999,2025-02-23T09:27:00
Brandish,1666,2025-02-23T09:23:40
Brandish,1666,2025-02-23T09:23:40
Brandish,1666,2025-02-23T09:23:40
Wolver Cap,2999,2025-02-23T09:23:40
Wolver Coat,2666,2025-02-23T09:23:40
Wolver Coat,2888,2025-02-23T09:23:40
Wolver Coat,2999,2025-02-23T09:23:40
Magic Cloak,2999,2025-02-23T09:23:40
Magic Cloak,2999,2025-02-23T09:23:40
Magic Hood,2999,2025-02-23T09:23:40
Magic Hood,2999,2025-02-23T09:23:40
Magic Hood,2555,2025-02-23T09:23:40
Splinter Bomb Recipe,5000,2025-02-23T08:58:40
Wildfire Recipe,50000,2025-02-23T08:50:20
Fiendish Tor Glyph x10,520,2025-02-23T08:25:35
Fiendish Ur Glyph x10,520,2025-02-23T08:25:35
Fiendish Amu Glyph x10,560,2025-02-23T08:20:35
Fiendish Nok Glyph x10,500,2025-02-23T08:20:35
Fiendish Sol Glyph x10,540,2025-02-23T08:20:35
Fiendish Tor Glyph x10,540,2025-02-23T08:20:35
Fiendish Ur Glyph x10,500,2025-02-23T08:20:35
Fiendish Ur Glyph x10,500,2025-02-23T08:20:35
Fiendish Ur Glyph x10,500,2025-02-23T08:20:35
Fiendish Tor Glyph x10,500,2025-02-23T08:20:35
Fiendish Tor Glyph x10,520,2025-02-23T08:20:35
Fiendish Sol Glyph x10,500,2025-02-23T08:20:35
Fiendish Sol Glyph x10,540,2025-02-23T08:20:35
Fiendish Nok Glyph x10,520,2025-02-23T08:20:35
Fiendish Amu Glyph x10,500,2025-02-23T08:20:35
Fiendish Amu Glyph x10,520,2025-02-23T08:20:35
Fiendish Amu Glyph x10,540,2025-02-23T08:18:55
Fiendish Nok Glyph x10,520,2025-02-23T08:18:55
Fiendish Sol Glyph x10,520,2025-02-23T08:18:55
Callahan Recipe,19000,2025-02-23T08:13:55
Flourish,88000,2025-02-23T08:10:35
Autogun,46700,2025-02-23T08:05:35
Radiant Forge Prize Box,140000,2025-02-23T07:15:21
Mod Calibrator,20000,2025-02-23T06:50:20
Mod Calibrator,20000,2025-02-23T06:50:20
Mod Calibrator,20000,2025-02-23T06:25:20
Advanced Orb of Alchemy,4299,2025-02-23T05:45:34
Advanced Orb of Alchemy,4299,2025-02-23T05:45:34
Black Kat Cloak,225000,2025-02-23T05:10:20
Brute Core x11,800,2025-02-23T05:02:14
Golden Slime Coin x5,1990,2025-02-23T04:31:59
Golden Slime Coin x10,3478,2025-02-23T04:31:59
Haunted Aura,50000,2025-02-23T04:08:53
Dark Briar Barrage Recipe,33333,2025-02-23T03:28:39
Sentenza Recipe,30000,2025-02-23T03:23:39
Callahan Recipe,5800,2025-02-23T03:22:15
Elite Orb of Alchemy,8300,2025-02-23T03:06:59
Wicked Idol,10,2025-02-23T02:48:39
Zee Core,1000,2025-02-23T02:48:39
Phial of Phear,50,2025-02-23T02:48:39
Gel Drop,5,2025-02-23T02:47:13
Darkfang Shield,50000,2025-02-23T01:31:59
Zapper,15000,2025-02-23T01:28:52
Reaper Rib x100,33333,2025-02-23T01:18:55
Philoso Feather x100,33333,2025-02-23T01:16:59
Flame Soul x100,33333,2025-02-23T01:16:59
Crest of Ur x100,44444,2025-02-23T01:16:59
Fiendish Amu Glyph x43,4000,2025-02-23T00:58:54
Fiendish Nok Glyph x47,5000,2025-02-23T00:58:54
Fiendish Sol Glyph x36,4000,2025-02-23T00:58:54
Fiendish Ur Glyph x29,4000,2025-02-23T00:58:54
Fiendish Tor Glyph x8,1000,2025-02-23T00:58:54
Autogun,2000,2025-02-23T00:55:19
Golden Slime Coin x7,1400,2025-02-23T00:51:59
Peach Snipe Perch,50000,2025-02-23T00:51:59
Dangerous Plume,75000,2025-02-23T00:51:59
Lavender Snipe Perch,50000,2025-02-23T00:51:59
Crest of Summer,50000,2025-02-23T00:51:59
Cool Node Slime Guards,5999,2025-02-23T00:08:39
Regal Node Slime Mask,5999,2025-02-23T00:07:13
Royal Jelly Shield Recipe,21000,2025-02-22T23:46:59
Divine Star,2500,2025-02-22T23:26:59
Supernova Recipe,29999,2025-02-22T23:26:59
Divine Star,2500,2025-02-22T23:26:59
Advanced Orb of Alchemy,4300,2025-02-22T23:11:59
Advanced Orb of Alchemy,4300,2025-02-22T23:11:59
Blaze Pepper x100,10000,2025-02-22T20:41:59
Reaper Rib x10,3500,2025-02-22T20:40:19
Philoso Feather x10,3500,2025-02-22T20:38:53
Philoso Feather x10,3500,2025-02-22T20:38:53
Flame Soul x10,3500,2025-02-22T20:38:39
Flame Soul x10,3500,2025-02-22T20:38:39
Flame Soul x10,3500,2025-02-22T20:38:39
Copper Lockbox,39999,2025-02-22T19:57:13
Copper Lockbox,39999,2025-02-22T19:57:13
Copper Lockbox,39999,2025-02-22T19:57:13
Radiant Forge Prize Box,119999,2025-02-22T19:57:13
Black Chaingun Recipe,14000,2025-02-22T19:31:59
Mega Tundrus Recipe,14000,2025-02-22T19:31:59
Umbral Blaster Recipe,14000,2025-02-22T19:31:59
Fiendish Amu Glyph,100,2025-02-22T19:22:14
Hallow Round Shades,8570,2025-02-22T18:57:14
Brandish,100000,2025-02-22T18:56:59
Fancy Game Face,300,2025-02-22T18:55:34
Hallow Vented Visor,1500,2025-02-22T18:55:19
Hallow Headlamp,1570,2025-02-22T18:55:19
Hallow Headband,290,2025-02-22T18:55:19
Hallow Binocular Visor,158,2025-02-22T18:55:19
Hallow Goggles,165,2025-02-22T18:55:19
Military Helm-Mounted Display,50000,2025-02-22T18:55:19
Plate Shield,2000,2025-02-22T18:27:14
Plate Shield,3000,2025-02-22T18:27:14
Plate Shield,3000,2025-02-22T18:25:34
Elite Orb of Alchemy,8300,2025-02-22T17:43:40
QQQ Slime Lockbox,11999,2025-02-22T17:34:25
Black Chaingun Recipe,14000,2025-02-22T16:10:20
Cool Node Slime Mask,2200,2025-02-22T16:05:34
Heavy Node Slime Mask,2300,2025-02-22T16:05:34
Military Node Slime Guards,2000,2025-02-22T15:58:40
Fancy Node Slime Guards,2100,2025-02-22T15:58:40
Military Node Slime Mask,2100,2025-02-22T15:58:40
Vile Seal x100,2000,2025-02-22T15:33:40
Regal Toupee,30000,2025-02-22T15:27:45
QQQ Slime Lockbox,15000,2025-02-22T14:52:00
QQQ Slime Lockbox,15000,2025-02-22T14:52:00
QQQ Slime Lockbox,15000,2025-02-22T14:52:00
QQQ Slime Lockbox,15000,2025-02-22T14:52:00
QQQ Slime Lockbox,15000,2025-02-22T14:51:04
Haunted Aura,29000,2025-02-22T14:43:54
Power Mote x5,800,2025-02-22T14:24:25
Silver Lockbox,1380,2025-02-22T13:35:34
Flourish,100000,2025-02-22T10:00:34
Shockburst Brandish,69999,2025-02-22T09:20:34
Tawny Canteen,44444,2025-02-22T09:19:25
Toasty Wide Vee,28888,2025-02-22T09:18:40
Volcanic Stranger Robe,77777,2025-02-22T09:16:04
Military Stranger Robe,69999,2025-02-22T09:15:20
Heavy Stranger Robe,69999,2025-02-22T09:13:40
Frosty Cloak,14999,2025-02-22T09:12:44
Dusky Stranger Robe,79999,2025-02-22T09:12:00
Flashy Winter Pullover,59999,2025-02-22T09:12:00
Fiendish Amu Glyph x5,1500,2025-02-22T09:09:24
Emberbreak Armor,1250,2025-02-22T09:08:40
Peridot Plate Helm,59999,2025-02-22T09:08:40
Cool Stranger Cap,99999,2025-02-22T09:07:00
Dusky Stranger Cap,99999,2025-02-22T09:07:00
Silver Lockbox,1990,2025-02-22T08:55:35
Mod Calibrator,20000,2025-02-22T08:52:44
Mod Calibrator,20000,2025-02-22T08:52:44
Mod Calibrator,20000,2025-02-22T08:52:44
Elite Orb of Alchemy,8299,2025-02-22T08:22:00
Advanced Orb of Alchemy,4600,2025-02-22T08:22:00
Advanced Orb of Alchemy,4600,2025-02-22T08:22:00
Seraphynx Pod (Black Kat),240000,2025-02-22T08:09:24
Advanced Orb of Alchemy,4500,2025-02-22T07:40:20
Advanced Orb of Alchemy,4500,2025-02-22T07:40:20
Advanced Orb of Alchemy,4500,2025-02-22T07:40:20
Wolver Cap,2999,2025-02-22T07:29:24
Wolver Cap,2999,2025-02-22T07:29:24
Flourish,2999,2025-02-22T07:29:24
Elite Orb of Alchemy,8299,2025-02-22T07:23:40
Flame Aura,320000,2025-02-22T07:05:33
Frosty Scale Helm,4500,2025-02-22T06:17:44
Kat Tribe Fetish,8999,2025-02-22T06:17:13
Kat Tribe Fetish,9999,2025-02-22T06:17:00
Kat Tribe Fetish,9999,2025-02-22T06:17:00
Kat Tribe Fetish,8999,2025-02-22T06:17:00
Kat Tribe Fetish,8999,2025-02-22T06:17:00
Frosty Cloak,11500,2025-02-22T06:17:00
Spark of Life,1300,2025-02-22T06:11:04
Spark of Life,1300,2025-02-22T06:11:04
Spark of Life,1300,2025-02-22T06:11:04
Skelly Shield,1999,2025-02-22T05:54:24
Wild Buster,50000,2025-02-22T05:52:00
Shadow Star x10,13300,2025-02-22T05:32:13
Spark of Life,1300,2025-02-22T05:01:04
Spark of Life,1300,2025-02-22T05:01:04
Skelly Shield,2000,2025-02-22T04:23:39
Autogun,2000,2025-02-22T03:56:04
Autogun,2000,2025-02-22T03:55:32
Autogun,2000,2025-02-22T03:55:19
Ecto Drop,22222,2025-02-22T03:53:39
Sapphire Cuirass,12500,2025-02-22T03:24:24
Galactic Guardian Helm,65000,2025-02-22T03:18:52
Turquoise Round Helm,12500,2025-02-22T03:18:39
Wolver Cap,2555,2025-02-22T03:16:04
Wolver Cap,2555,2025-02-22T03:16:04
Autogun,1999,2025-02-22T03:14:24
Autogun,1999,2025-02-22T03:14:24
Autogun,1999,2025-02-22T03:14:24
Blaster,2222,2025-02-22T03:14:24
Fiendish Ur Glyph x5,5000,2025-02-22T03:01:59
Fiendish Tor Glyph x5,5000,2025-02-22T03:01:59
Fiendish Nok Glyph x5,5000,2025-02-22T03:01:04
Fiendish Ur Glyph,5000,2025-02-22T03:01:04
Fiendish Amu Glyph x5,5000,2025-02-22T03:00:19
Golden Slime Coin x3,390,2025-02-22T02:48:39
Golden Slime Coin x35,5600,2025-02-22T02:45:33
Flourish,30000,2025-02-22T02:25:32
Monster Bone,500,2025-02-22T02:19:25
Monster Bone,500,2025-02-22T02:18:52
Monster Bone,500,2025-02-22T02:18:52
Monster Bone,500,2025-02-22T02:18:39
Monster Bone,500,2025-02-22T02:18:39
Divine Star,2000,2025-02-22T02:03:39
Jelly Helm,1000,2025-02-22T02:00:33
Dark Ember,1320,2025-02-22T02:00:33
Regal Helm-Mounted Display,138,2025-02-22T01:23:52
Dangerous Oni Helm,75000,2025-02-22T00:50:19
Divine Star,2000,2025-02-21T23:11:05
Pulsar,189999,2025-02-21T22:27:45
Tawny Wolver Chops,75000,2025-02-21T22:25:19
Zee Core,1000,2025-02-21T22:22:45
Electron Charge,5280,2025-02-21T22:22:45
Swordstone,15,2025-02-21T22:21:59
Fancy Node Slime Crusher,60000,2025-02-21T22:21:59
Beast Scale,20,2025-02-21T22:21:04
Gel Core,10,2025-02-21T22:21:04
Monster Bone,200,2025-02-21T22:21:04
Sinful Brew,25,2025-02-21T22:21:04
Twisted Targe,4800,2025-02-21T21:55:33
Brandish,978,2025-02-21T21:54:25
Bristling Buckler,2600,2025-02-21T21:54:25
Owlite Shield,2580,2025-02-21T21:54:25
Calibur,218,2025-02-21T21:53:53
Twisted Targe Recipe,5200,2025-02-21T21:47:45
Golden Slime Coin x8,1050,2025-02-21T21:33:39
Spark Plug x100,110,2025-02-21T20:19:25
Sharp Fang x100,110,2025-02-21T20:18:39
Soul Dust x100,132,2025-02-21T20:18:39
Silver Coil x10,158,2025-02-21T20:18:39
Snarbostuffing x5,22100,2025-02-21T20:18:39
Scrap Metal x100,126,2025-02-21T20:17:45
Rocky Core x10,158,2025-02-21T20:17:45
Rocket Sprocket x100,144,2025-02-21T20:17:13
Phial of Phear x10,240,2025-02-21T20:16:59
Red Shard x100,173,2025-02-21T20:16:59
Light Shard x100,228,2025-02-21T20:16:05
Monster Bone x10,110,2025-02-21T20:16:05
Mug of Misery x10,132,2025-02-21T20:16:05
Gel Core x100,138,2025-02-21T20:15:19
Green Shard x100,228,2025-02-21T20:15:19
Frost Gel x100,126,2025-02-21T20:14:25
Grave Soil x100,126,2025-02-21T20:13:53
Dark Shard x100,258,2025-02-21T20:13:39
Drake Scale x10,110,2025-02-21T20:13:39
Blue Shard x100,5648,2025-02-21T20:12:45
Beast Scale x100,132,2025-02-21T20:12:13
Flame Soul x10,3500,2025-02-21T19:31:59
Flame Soul x10,3500,2025-02-21T19:31:59
Fusion Blaster Recipe,14000,2025-02-21T18:36:04
Spike Shower Recipe,20000,2025-02-21T16:32:00
Black Chaingun Recipe,20000,2025-02-21T16:31:05
Blackhawk Recipe,20000,2025-02-21T16:31:05
Mega Tundrus Recipe,20000,2025-02-21T16:31:05
Gold Lockbox,9999,2025-02-21T16:06:05
Beast Scale x10,500,2025-02-21T15:13:40
Blackhawk Recipe,14000,2025-02-21T14:38:28
Blackhawk Recipe,10500,2025-02-21T14:07:44
Simple Orb of Alchemy,1200,2025-02-21T13:26:59
Graviton Bomb Recipe,14000,2025-02-21T13:05:08
Blazing Pulsar Recipe,14000,2025-02-21T13:04:25
Breach Blaster Recipe,14000,2025-02-21T13:04:25
Dark Thorn Shield Recipe,14000,2025-02-21T13:04:25
Sentenza Recipe,30000,2025-02-21T13:04:25
Silversix Recipe,14000,2025-02-21T13:04:25
Wildfire Recipe,30000,2025-02-21T13:04:25
Fiendish Nok Glyph x5,750,2025-02-21T13:00:08
Fiendish Nok Glyph x5,750,2025-02-21T13:00:08
Fiendish Tor Glyph x5,750,2025-02-21T13:00:08
Fiendish Amu Glyph x5,750,2025-02-21T13:00:08
Elite Orb of Alchemy,8300,2025-02-21T12:56:48
Shining Forge Prize Box,90000,2025-02-21T12:55:08
Enamorock x5,25999,2025-02-21T12:46:48
Enamorock,5500,2025-02-21T12:43:28
Enamorock,5500,2025-02-21T12:43:28
Enamorock,5500,2025-02-21T12:41:04
Enamorock,5500,2025-02-21T12:38:28
Mod Calibrator,20000,2025-02-21T12:06:48
Mod Calibrator,20000,2025-02-21T12:06:48
Mod Calibrator,20000,2025-02-21T12:06:48
Mod Calibrator,20000,2025-02-21T12:06:48
Mod Calibrator,20000,2025-02-21T12:06:48
Blaster,27500,2025-02-21T11:46:04
Blaster,27500,2025-02-21T11:46:04
Autogun,37500,2025-02-21T11:45:08
Electron Charge,25000,2025-02-21T11:43:28
Dusky Mohawk,65000,2025-02-21T11:41:59
Bushy Tail,500,2025-02-21T11:36:48
Mod Calibrator,22500,2025-02-21T11:33:28
Mirrored Lockbox,1000000,2025-02-21T11:13:28
Silver Lockbox,5000,2025-02-21T10:56:59
Heavy Hatchet,20000,2025-02-21T10:50:20
Mod Calibrator,44444,2025-02-21T10:27:44
Freeze Vial Bandolier,40000,2025-02-21T10:17:44
Shadow Star,2000,2025-02-21T09:03:39
Silver Lockbox,4000,2025-02-21T08:47:44
Elite Orb of Alchemy,8300,2025-02-21T07:31:48
Elite Orb of Alchemy,8300,2025-02-21T07:31:48
Elite Orb of Alchemy,8300,2025-02-21T07:31:48
Flourish,2222,2025-02-21T06:38:28
Autogun,1999,2025-02-21T06:38:28
Autogun,1999,2025-02-21T06:38:28
Blaster,2222,2025-02-21T06:38:28
Blaster,2222,2025-02-21T06:38:28
Wolver Coat,2999,2025-02-21T06:38:28
Wolver Cap,9999,2025-02-21T06:38:28
Wolver Coat,2999,2025-02-21T06:38:28
Wolver Cap,2999,2025-02-21T06:38:28
Magic Hood,2555,2025-02-21T06:38:28
Magic Cloak,2555,2025-02-21T06:38:28
Magic Cloak,2555,2025-02-21T06:38:28
Magic Hood,2555,2025-02-21T06:38:28
Magic Cloak,2555,2025-02-21T06:38:28
Magic Hood,2555,2025-02-21T06:38:28
Brandish,1555,2025-02-21T06:37:44
Brandish,1555,2025-02-21T06:36:48
Brandish,1555,2025-02-21T06:36:48
Gold Lockbox,7000,2025-02-21T06:31:48
Prismatic Maid Headband,1900,2025-02-21T05:29:24
Prismatic Maid Headband,3700,2025-02-21T05:28:39
Heavy Node Slime Mask,3250,2025-02-21T04:46:48
Military Node Slime Mask,3250,2025-02-21T04:46:04
Cool Node Slime Guards,3500,2025-02-21T04:44:24
Fancy Node Slime Guards,3500,2025-02-21T04:44:24
Autogun,2000,2025-02-21T04:30:08
Toxic Catalyzer Recipe,6500,2025-02-21T04:04:24
Autogun,8900,2025-02-21T03:36:48
Frosty Side Blade,40000,2025-02-21T03:36:04
Heavy Node Slime Mask,5000,2025-02-21T03:26:59
Cool Node Slime Mask,5000,2025-02-21T03:26:59
Military Node Slime Guards,5000,2025-02-21T03:24:24
Spike Shower Recipe,14000,2025-02-21T03:06:48
Iron Dragon Helm,75000,2025-02-21T02:40:19
Arcana Recipe,35000,2025-02-21T02:23:39
Divine Cat Tail,339999,2025-02-21T01:55:07
Fiendish Sol Glyph,300,2025-02-21T00:44:25
Fiendish Sol Glyph,300,2025-02-21T00:43:39
Fiendish Sol Glyph,300,2025-02-21T00:43:39
Fiendish Sol Glyph,300,2025-02-21T00:43:28
Fiendish Sol Glyph,300,2025-02-21T00:43:28
Power Star x12,22000,2025-02-21T00:41:59
Frosty Helm Guards,11999,2025-02-21T00:39:25
Freeze Vial Bandolier,44999,2025-02-21T00:39:25
Heavy Alpha Vertical Vents,65000,2025-02-20T23:40:07
Fiendish Sol Glyph,300,2025-02-20T23:26:47
Fiendish Sol Glyph,300,2025-02-20T23:26:47
Fiendish Sol Glyph,300,2025-02-20T23:26:47
Fiendish Tor Glyph,300,2025-02-20T23:26:47
Fiendish Tor Glyph,300,2025-02-20T23:26:47
Fiendish Tor Glyph,300,2025-02-20T23:26:47
Fiendish Tor Glyph,300,2025-02-20T23:26:47
Fiendish Ur Glyph,300,2025-02-20T23:25:08
Fiendish Ur Glyph,300,2025-02-20T23:25:08
Fiendish Ur Glyph,300,2025-02-20T23:25:08
Silver Lockbox,3200,2025-02-20T23:21:47
Toasty Node Receiver,6300,2025-02-20T23:21:05
Daring Rigadoon Recipe,11000,2025-02-20T23:19:25
Power Star x10,21000,2025-02-20T23:11:05
Divine Star x10,22000,2025-02-20T23:10:19
Silver Lockbox,8999,2025-02-20T22:56:05
Fiendish Nok Glyph,300,2025-02-20T22:25:19
Fiendish Nok Glyph,300,2025-02-20T22:25:19
Fiendish Nok Glyph,300,2025-02-20T22:25:19
Fiendish Sol Glyph,300,2025-02-20T22:25:07
Fiendish Sol Glyph,300,2025-02-20T22:25:07
Fiendish Tor Glyph,300,2025-02-20T22:25:07
Fiendish Ur Glyph,300,2025-02-20T22:25:07
Fiendish Ur Glyph,300,2025-02-20T22:25:07
Fiendish Amu Glyph,300,2025-02-20T22:23:27
Fiendish Amu Glyph,300,2025-02-20T22:23:27
Fiendish Amu Glyph,300,2025-02-20T22:23:27
Fiendish Amu Glyph,300,2025-02-20T22:23:27
Fiendish Nok Glyph,300,2025-02-20T22:23:27
Fiendish Nok Glyph,300,2025-02-20T22:23:27
Fiendish Amu Glyph,300,2025-02-20T22:22:45
Skelly Shield,1800,2025-02-20T21:56:47
Fiendish Ur Glyph x5,1900,2025-02-20T21:55:19
Fiendish Sol Glyph x5,1900,2025-02-20T21:51:47
Fiendish Tor Glyph x5,1900,2025-02-20T21:51:47
Fiendish Ur Glyph x5,1900,2025-02-20T21:51:47
Fiendish Amu Glyph x5,1900,2025-02-20T21:51:05
Fiendish Amu Glyph x5,1900,2025-02-20T21:51:05
Fiendish Nok Glyph x5,1900,2025-02-20T21:51:05
Fiendish Nok Glyph x5,1900,2025-02-20T21:51:05
Fiendish Sol Glyph x5,1900,2025-02-20T21:51:05
Fiendish Tor Glyph x5,1900,2025-02-20T21:51:05
Flourish,90000,2025-02-20T21:41:59
Supernova Recipe,30000,2025-02-20T20:56:47
Advanced Orb of Alchemy,4300,2025-02-20T19:56:47
Brandish,50000,2025-02-20T19:42:44
Fine Fabric,999,2025-02-20T19:20:07
Fine Fabric,999,2025-02-20T19:20:07
Radiant Forge Prize Box,165000,2025-02-20T18:59:24
Silver Lockbox,15000,2025-02-20T18:58:27
Hallow Raiment,8500,2025-02-20T18:45:07
Golden Slime Coin x100,17500,2025-02-20T18:41:04
Sinful Brew,25,2025-02-20T18:39:24
Phial of Phear,50,2025-02-20T18:36:47
Beast Scale,20,2025-02-20T18:35:07
Brute Core,20,2025-02-20T18:35:07
Gel Core,10,2025-02-20T18:34:24
Philoso Feather x10,3500,2025-02-20T18:16:04
Flame Soul x10,3500,2025-02-20T18:14:25
Darkfang Shield,50000,2025-02-20T17:13:28
Acheron Recipe,30000,2025-02-20T17:04:25
Nightblade,30784,2025-02-20T16:24:25
Skelly Shield,29999,2025-02-20T15:12:35
QQQ Slime Lockbox,12000,2025-02-20T13:09:15
QQQ Slime Lockbox,12000,2025-02-20T13:08:28
QQQ Slime Lockbox,12000,2025-02-20T13:08:28
QQQ Slime Lockbox,12000,2025-02-20T13:08:28
Steel Lockbox,7033,2025-02-20T13:04:15
Gold Lockbox,7033,2025-02-20T13:02:35
Barbarous Thorn Shield Recipe,35000,2025-02-20T12:56:48
Monster Bone,500,2025-02-20T12:53:28
Monster Bone,500,2025-02-20T12:53:28
Flame Soul x9,3600,2025-02-20T12:45:55
Reaper Rib x5,2000,2025-02-20T12:45:55
Philoso Feather x4,1600,2025-02-20T12:45:55
Dark Briar Barrage Recipe,30000,2025-02-20T12:02:35
Dark Chaingun,10000,2025-02-20T11:47:35
Grasping Aura,400000,2025-02-20T10:59:15
Grand Solstice Ring,600000,2025-02-20T10:58:28
Frost Gun,20000,2025-02-20T10:42:44
Divine Star,1999,2025-02-20T10:19:15
Divine Star,1999,2025-02-20T10:19:15
Flame Soul x8,3200,2025-02-20T10:19:15
Dragon Scale,500,2025-02-20T10:18:28
Reaper Rib x9,3600,2025-02-20T10:18:28
Royal Skewer,500,2025-02-20T10:18:28
Eternal Orb of Alchemy,18500,2025-02-20T10:16:48
Eternal Orb of Alchemy,18500,2025-02-20T10:16:04
Elite Orb of Alchemy,9000,2025-02-20T10:15:08
Advanced Orb of Alchemy,4498,2025-02-20T10:15:08
Advanced Orb of Alchemy,4498,2025-02-20T10:15:08
Advanced Orb of Alchemy,4498,2025-02-20T10:15:08
Advanced Orb of Alchemy,4498,2025-02-20T10:15:08
Advanced Orb of Alchemy,4498,2025-02-20T10:15:08
Advanced Orb of Alchemy,4498,2025-02-20T10:15:08
Elite Orb of Alchemy,9000,2025-02-20T10:14:24
Elite Orb of Alchemy,9000,2025-02-20T10:14:24
Gold Lockbox,6600,2025-02-20T09:29:25
Divine Valkyrie Wings,525000,2025-02-20T08:59:15
Mod Calibrator,44444,2025-02-20T08:52:36
Golden Slime Coin x30,9000,2025-02-20T08:17:44
Titanium Lockbox,17000,2025-02-20T08:01:48
Owlite Feather x4,3000,2025-02-20T07:56:48
Reaper Rib,6000,2025-02-20T07:56:48
Emberbreak Armor,600,2025-02-20T07:11:04
Shining Forge Prize Box,150000,2025-02-20T07:06:04
Plate Shield,1640,2025-02-20T06:36:48
Wolver Coat,190,2025-02-20T06:35:55
Neutralizer Recipe,30000,2025-02-20T06:30:08
Frosty Scale Helm,367,2025-02-20T05:43:28
Frosty Raiment,1320,2025-02-20T05:42:44
Frosty Cloak,1570,2025-02-20T05:42:44
Volcanic Ankle Spoilers,31000,2025-02-20T05:39:15
Toasty Glasses,42000,2025-02-20T05:38:28
Flourish,177800,2025-02-20T05:27:44
Divine Wolver Tail,300000,2025-02-20T05:20:07
Volcanic Wolver Tail,300000,2025-02-20T05:20:07
Kat Tribe Fetish,10000,2025-02-20T05:12:44
Ghost Bell x100,11000,2025-02-20T05:12:35
Kat Tribe Fetish,10000,2025-02-20T05:12:35
Kat Tribe Fetish,10000,2025-02-20T05:12:35
Kat Tribe Fetish,10000,2025-02-20T05:12:35
Blaze Pepper x100,11000,2025-02-20T05:11:47
Divine Node Container,89999,2025-02-20T05:11:04
Cool Node Slime Guards,3500,2025-02-20T04:45:08
Frosty Warden Helm,188888,2025-02-20T03:30:08
Fiendish Amu Glyph x5,8888,2025-02-20T03:17:44
Fiendish Nok Glyph x5,8888,2025-02-20T03:14:14
Fiendish Tor Glyph x5,8888,2025-02-20T03:14:14
Fiendish Ur Glyph x5,8888,2025-02-20T03:14:14
Grinchlin Snowball x10,14444,2025-02-20T03:07:35
Jar O' Fireflies,22222,2025-02-20T03:06:48
Woven Falcon Sentinel Armor Recipe,10000,2025-02-20T03:05:54
Slime Confetti x10,14444,2025-02-20T03:05:54
Barbarous Thorn Blade Recipe,36500,2025-02-20T03:05:08
Frosty Cloak,14999,2025-02-20T02:58:28
Fancy Splash Trunks,89999,2025-02-20T02:57:35
Frosty Brigandine,15999,2025-02-20T02:57:35
Electron Charge,7999,2025-02-20T02:56:05
Dusky Stranger Robe,111111,2025-02-20T02:55:54
Candy Striped Onesie,48888,2025-02-20T02:55:08
Electron Charge,89999,2025-02-20T02:50:54
Electron Charge,9000,2025-02-20T02:27:34
Electron Charge,9000,2025-02-20T02:27:34
Electron Charge,9000,2025-02-20T02:27:34
Electron Charge,9000,2025-02-20T02:27:34
Fiendish Ur Glyph,300,2025-02-20T02:04:14
Fiendish Ur Glyph,300,2025-02-20T02:04:14
Fiendish Nok Glyph,300,2025-02-20T02:04:14
Fiendish Nok Glyph,300,2025-02-20T02:04:14
Fiendish Tor Glyph,300,2025-02-20T02:04:14
Fiendish Tor Glyph,300,2025-02-20T02:04:14
Fiendish Amu Glyph,300,2025-02-20T02:02:34
Fiendish Amu Glyph,300,2025-02-20T02:02:34
Fiendish Amu Glyph,300,2025-02-20T02:02:34
Fiendish Amu Glyph,300,2025-02-20T02:02:34
Fiendish Amu Glyph,300,2025-02-20T02:02:34
Fiendish Amu Glyph,300,2025-02-20T02:02:34
Fiendish Sol Glyph,300,2025-02-20T02:02:34
Fiendish Sol Glyph,300,2025-02-20T02:02:34
Fiendish Sol Glyph,300,2025-02-20T02:02:34
Fiendish Sol Glyph,300,2025-02-20T02:02:34
Fiendish Sol Glyph,300,2025-02-20T02:02:34
Fiendish Ur Glyph,300,2025-02-20T02:02:34
Fiendish Ur Glyph,300,2025-02-20T02:02:34
Fiendish Ur Glyph,300,2025-02-20T02:02:34
Fiendish Ur Glyph,300,2025-02-20T02:02:34
Pulsar,33333,2025-02-20T01:58:28
Autogun,1800,2025-02-20T01:47:34
Dragon Scale x5,520,2025-02-20T01:42:45
Regal Node Slime Guards,1100,2025-02-20T01:41:05
Fancy Node Slime Guards,2500,2025-02-20T01:36:05
Heavy Node Slime Guards,2500,2025-02-20T01:36:05
Military Node Slime Guards,1392,2025-02-20T01:36:05
Regal Writhing Tendrils,32000,2025-02-20T01:31:05
Cool Canteen,9200,2025-02-20T01:30:54
Heavy Ribbon,10000,2025-02-20T01:30:08
Heavy Node Receiver,15000,2025-02-20T01:30:08
Fancy Node Receiver,10000,2025-02-20T01:30:08
Winter Confetti x12,25,2025-02-20T01:22:44
Flawed Snowball x30,3000,2025-02-20T01:22:34
Grinchlin Snowball x48,5000,2025-02-20T01:22:34
Summer Confetti x21,26,2025-02-20T01:22:34
Fiendish Ur Glyph x12,2500,2025-02-20T01:10:08
Prismatic Writhing Tendrils,2500000,2025-02-20T00:47:45
Serene Brigandine,200000,2025-02-20T00:46:05
Serene Pith Helm,210000,2025-02-20T00:45:08
Flaming Pulsar Recipe,10000,2025-02-20T00:11:48
Cool Mech'tennas,10000,2025-02-20T00:04:14
Fiendish Nok Glyph,300,2025-02-19T23:55:54
Fiendish Nok Glyph,300,2025-02-19T23:55:54
Blitz Needle Recipe,32000,2025-02-19T23:45:54
Bushy Tail,400,2025-02-19T23:43:28
Bushy Tail,400,2025-02-19T23:43:28
Spark of Life,1599,2025-02-19T23:19:24
Spark of Life,1599,2025-02-19T23:19:24
Spark of Life,1599,2025-02-19T23:19:24
Spark of Life,1599,2025-02-19T23:19:24
Spark of Life,1559,2025-02-19T23:18:27
Silent Nightblade Recipe,15000,2025-02-19T23:17:44
Prime Bombhead Mask,12600,2025-02-19T22:52:45
Spark of Life,1543,2025-02-19T22:44:14
Spark of Life,1543,2025-02-19T22:44:14
Fiendish Sol Glyph x5,1600,2025-02-19T22:27:34
Fiendish Tor Glyph x5,1600,2025-02-19T22:27:34
Fiendish Sol Glyph x5,1600,2025-02-19T22:24:14
Fiendish Sol Glyph x5,1600,2025-02-19T22:24:14
Fiendish Tor Glyph x5,1600,2025-02-19T22:24:14
Fiendish Tor Glyph x5,1600,2025-02-19T22:22:34
Tundrus Recipe,10000,2025-02-19T22:05:07
Autogun,2600,2025-02-19T22:03:27
Brandish,130000,2025-02-19T21:57:34
Ghost Bell x2,5000,2025-02-19T21:32:34
Light Shard x100,2000,2025-02-19T21:20:08
Flame Soul x100,44444,2025-02-19T20:35:54
Reaper Rib x100,33333,2025-02-19T20:35:54
Philoso Feather x100,33333,2025-02-19T20:35:54
Power Star x10,21000,2025-02-19T20:01:04
Power Star x10,21000,2025-02-19T20:01:04
Snarbostuffing x5,17200,2025-02-19T19:56:47
Waste Module x100,144,2025-02-19T19:54:25
Spark Plug x100,110,2025-02-19T19:52:34
Bronze Bolt x100,250,2025-02-19T19:50:07
Beast Scale x100,126,2025-02-19T19:49:24
Barbarous Thorn Shield Recipe,30000,2025-02-19T19:14:14
Dark Thorn Shield Recipe,14000,2025-02-19T19:14:14
Polaris Recipe,30000,2025-02-19T19:14:14
Raptor Recipe,14000,2025-02-19T19:14:14
Spike Shower Recipe,14000,2025-02-19T19:14:14
Divine Star,1500,2025-02-19T18:55:08
Gold Wolf Helm,50000,2025-02-19T18:40:54
Black Kat Hood,70000,2025-02-19T17:37:35
Plated Grizzly Sentinel Armor Recipe,13000,2025-02-19T17:16:48
Fancy Barrel Belly,8000,2025-02-19T16:19:15
Heavy Vitakit,25000,2025-02-19T16:19:15
Cool Barrel Belly,8000,2025-02-19T16:18:13
Dusky Vitakit,25000,2025-02-19T16:18:13
Dusky Headlamp,20000,2025-02-19T16:17:35
Cold Iron Vanquisher Recipe,30000,2025-02-19T16:05:08
Prismatic Glow-Eyes,460069,2025-02-19T15:00:08
Fiendish Sol Glyph,399,2025-02-19T14:52:36
Fiendish Sol Glyph,399,2025-02-19T14:52:36
Fiendish Nok Glyph,399,2025-02-19T14:52:36
Fiendish Amu Glyph,399,2025-02-19T14:51:33
Fiendish Amu Glyph,399,2025-02-19T14:51:33
Fiendish Amu Glyph,399,2025-02-19T14:51:33
Fiendish Amu Glyph,399,2025-02-19T14:51:33
Fiendish Amu Glyph,399,2025-02-19T14:51:33
Fiendish Sol Glyph,399,2025-02-19T14:51:33
Fiendish Amu Glyph,399,2025-02-19T14:50:56
Fiendish Amu Glyph,399,2025-02-19T14:50:56
Fiendish Amu Glyph,399,2025-02-19T14:50:56
Fiendish Amu Glyph,399,2025-02-19T14:50:56
Fiendish Amu Glyph,399,2025-02-19T14:50:08
Fiendish Amu Glyph,399,2025-02-19T14:50:08
Reaper Rib x100,24999,2025-02-19T14:43:13
Philoso Feather x100,24999,2025-02-19T14:42:36
Power Star,1399,2025-02-19T14:16:33
Tundrus,25000,2025-02-19T14:12:35
Autumn Draped Armor,1320,2025-02-19T12:56:32
Dangerous Oni Helm,170000,2025-02-19T12:54:15
Grinchlin Snowball x80,6800,2025-02-19T11:53:12
Philoso Feather x100,24999,2025-02-19T11:36:48
Divine Star,2200,2025-02-19T11:36:32
Divine Star,2200,2025-02-19T11:36:32
Eternal Orb of Alchemy,18500,2025-02-19T09:52:36
Eternal Orb of Alchemy,18500,2025-02-19T09:52:36
Advanced Orb of Alchemy,4500,2025-02-19T09:50:55
Blaze Pepper x200,20000,2025-02-19T09:21:32
Titanium Lockbox,3933,2025-02-19T08:43:28
Fiendish Sol Glyph,400,2025-02-19T08:32:35
Fiendish Sol Glyph,400,2025-02-19T08:31:48
Fiendish Sol Glyph,400,2025-02-19T08:31:48
Magic Hood,2222,2025-02-19T08:13:12
Autogun,1999,2025-02-19T08:13:12
Autogun,1999,2025-02-19T08:13:12
Blaster,1999,2025-02-19T08:13:12
Magic Hood,2222,2025-02-19T08:12:35
Silver Lockbox,20000,2025-02-19T07:33:28
Fiendish Nok Glyph,1500,2025-02-19T07:05:08
Gilded Griffin Recipe,35000,2025-02-19T06:49:52
Electron Charge,7000,2025-02-19T06:26:48
Enamorock x10,50000,2025-02-19T06:19:52
Enamorock x10,50000,2025-02-19T06:19:52
Enamorock x10,50000,2025-02-19T06:19:15
Enamorock,5000,2025-02-19T06:18:12
Mod Calibrator,20000,2025-02-19T06:16:32
Mod Calibrator,20000,2025-02-19T06:16:32
Mod Calibrator,20000,2025-02-19T06:16:32
Mod Calibrator,20000,2025-02-19T06:16:32
Mod Calibrator,20000,2025-02-19T06:15:55
Mod Calibrator,20000,2025-02-19T06:15:55
Fiendish Ur Glyph,400,2025-02-19T06:13:12
Fiendish Ur Glyph,400,2025-02-19T06:13:12
Fiendish Ur Glyph,400,2025-02-19T06:12:35
Fiendish Ur Glyph,400,2025-02-19T06:12:35
Fiendish Ur Glyph,400,2025-02-19T06:12:35
Fiendish Ur Glyph,400,2025-02-19T06:12:35
Defender,1000,2025-02-19T05:59:15
Silver Lockbox,8200,2025-02-19T05:41:32
Fiendish Tor Glyph,450,2025-02-19T05:28:12
Frost Gun,5,2025-02-19T05:08:28
Hallow Fur Coat,8000,2025-02-19T05:08:12
Hallow Tailed Helm,1200,2025-02-19T05:07:35
Jack o' Bombhead Mask,7000,2025-02-19T05:07:35
Hallow Hood,1000,2025-02-19T05:07:35
Hallow Pith Helm,3000,2025-02-19T05:00:55
Autogun,140000,2025-02-19T04:52:35
Brandish,208,2025-02-19T04:51:48
Gold Lockbox,4400,2025-02-19T04:48:28
Steel Lockbox,4400,2025-02-19T04:48:28
Autumn Culet,816,2025-02-19T04:40:08
Autumn Draped Armor,696,2025-02-19T04:40:08
Autumn Flak Jacket,786,2025-02-19T04:40:08
Cool Node Slime Guards,840,2025-02-19T04:40:08
Cool Node Slime Guards,666,2025-02-19T04:40:08
Dusky Node Slime Guards,666,2025-02-19T04:40:08
Fancy Node Slime Guards,696,2025-02-19T04:40:08
Military Node Slime Mask,696,2025-02-19T04:40:08
Heavy Node Slime Mask,726,2025-02-19T04:40:08
Dusky Node Slime Mask,696,2025-02-19T04:40:08
Blaster,300,2025-02-19T04:40:08
Blaster,230,2025-02-19T04:40:08
Fiendish Amu Glyph x7,3300,2025-02-19T04:17:35
Brandish,130000,2025-02-19T04:01:32
Dark Thorn Shield Recipe,15000,2025-02-19T03:58:28
Blazing Pulsar Recipe,12500,2025-02-19T03:53:28
Frayed Fabric,25,2025-02-19T03:36:48
Phial of Phear,50,2025-02-19T03:29:52
Sinful Brew,25,2025-02-19T03:29:52
Swordstone,15,2025-02-19T03:29:52
Military Vented Visor,500,2025-02-19T03:20:54
Hallow Headlamp,1000,2025-02-19T03:08:12
Hallow Intel Tube,2500,2025-02-19T03:06:32
Hallow Helm-Mounted Display,1000,2025-02-19T03:06:32
Hallow Headlamp,1500,2025-02-19T03:06:32
Hallow Com Unit,2000,2025-02-19T03:06:32
Hallow Vented Visor,1000,2025-02-19T03:05:54
Hallow Targeting Module,2500,2025-02-19T03:05:54
Fine Fabric,999,2025-02-19T02:58:12
Fine Fabric,999,2025-02-19T02:58:12
Beast Scale,1,2025-02-19T02:03:27
Dark Briar Barrage Recipe,27999,2025-02-19T01:58:12
Dangerous Oni Helm,150000,2025-02-19T01:45:07
Frosty Wide Vee,19999,2025-02-19T01:25:54
Heavy Intel Tube,29999,2025-02-19T01:25:54
Cool Wide Vee,24999,2025-02-19T01:25:07
Fiendish Sol Glyph,499,2025-02-19T01:23:12
Fiendish Sol Glyph,499,2025-02-19T01:23:12
Fiendish Sol Glyph,499,2025-02-19T01:23:12
Regal Stranger Cap,159999,2025-02-19T01:21:31
Diamond Plate Helm,89999,2025-02-19T01:19:52
Fiendish Ur Glyph,999,2025-02-19T01:11:48
Fiendish Ur Glyph,999,2025-02-19T01:11:48
Fiendish Ur Glyph,999,2025-02-19T01:11:48
Fiendish Sol Glyph,999,2025-02-19T01:11:48
Fiendish Sol Glyph,999,2025-02-19T01:11:48
Fiendish Sol Glyph,999,2025-02-19T01:11:48
Fiendish Sol Glyph,999,2025-02-19T01:11:48
Phantamos Recipe,32000,2025-02-19T01:09:14
Fiendish Nok Glyph,999,2025-02-19T01:07:34
Fiendish Nok Glyph,999,2025-02-19T01:07:34
Fiendish Sol Glyph,999,2025-02-19T01:07:34
Zee Core x5,9999,2025-02-19T01:00:54
Zee Core x5,9999,2025-02-19T01:00:54
Power Pistons,313000,2025-02-19T01:00:08
Power Star x5,19999,2025-02-19T00:59:14
Power Star x5,19999,2025-02-19T00:59:14
Kat Tribe Fetish,14999,2025-02-19T00:58:11
Divine Star x5,19999,2025-02-19T00:57:34
Divine Star x5,19999,2025-02-19T00:57:34
Plated Firefly Sentinel Armor Recipe,30000,2025-02-19T00:57:34
Serene Tailed Helm,660000,2025-02-19T00:46:48
Serene Culet,164000,2025-02-19T00:46:48
Ancient Raider Horns,600000,2025-02-19T00:46:47
Grey Splendid Topper,353333,2025-02-19T00:37:35
Dread Wings,1940000,2025-02-19T00:35:54
Hallow Hood,777,2025-02-19T00:34:14
Advanced Orb of Alchemy,5000,2025-02-19T00:16:31
Military Binocular Visor,30000,2025-02-18T23:50:07
Autogun,2000,2025-02-18T23:06:31
Military Node Slime Guards,8000,2025-02-18T23:05:54
Fiendish Tor Glyph x5,2000,2025-02-18T23:00:54
Bucket of Bloons,15000,2025-02-18T22:52:34
Black Chaingun Recipe,12500,2025-02-18T22:34:51
Grim Repeater Recipe,35000,2025-02-18T22:09:51
Gigawatt Pulsar Recipe,13000,2025-02-18T21:20:54
Silver Lockbox,20000,2025-02-18T21:13:27
Divine Star,1500,2025-02-18T21:10:55
Divine Star,1500,2025-02-18T21:10:07
Plasma Capacitor Recipe,35000,2025-02-18T21:04:14
Calibur,308,2025-02-18T20:59:51
Brandish,900,2025-02-18T20:59:51
Owlite Shield,1640,2025-02-18T20:49:51
Zee Core,999,2025-02-18T20:34:14
Zee Core,999,2025-02-18T20:33:27
Zee Core,999,2025-02-18T20:33:27
Fine Fabric,999,2025-02-18T20:33:11
Warp Dust,1499,2025-02-18T20:33:11
Rock Salt,499,2025-02-18T20:33:11
Hallow Winged Helm,540,2025-02-18T20:31:47
Hallow Plate Helm,101,2025-02-18T20:31:47
Hallow Tailed Helm,97,2025-02-18T20:31:47
Haunted Aura,30000,2025-02-18T20:30:07
Grasping Aura,189000,2025-02-18T20:26:47
Hallow Crescent Helm,311,2025-02-18T20:26:31
Hallow Fur Cap,1000,2025-02-18T20:25:54
Silver Lockbox,1050,2025-02-18T20:00:55
Heavy Pulsar Recipe,24999,2025-02-18T19:20:07
Dark Thorn Shield Recipe,14000,2025-02-18T18:18:11
Barbarous Thorn Blade Recipe,32000,2025-02-18T18:18:11
Fusion Blaster Recipe,14000,2025-02-18T18:17:34
Graviton Bomb Recipe,15000,2025-02-18T18:17:34
Graviton Charge Recipe,8500,2025-02-18T18:15:54
Pierce Blaster Recipe,8500,2025-02-18T18:15:54
Wolver Cap,780,2025-02-18T18:04:14
Silver Lockbox,3000,2025-02-18T17:59:15
Twisted Snarble Barb,3300,2025-02-18T17:55:55
Twisted Targe,2880,2025-02-18T17:55:55
Vile Seal x100,200,2025-02-18T17:41:30
Sharp Fang x100,105,2025-02-18T17:40:55
Spark Plug x100,235,2025-02-18T17:40:55
Red Shard x100,549,2025-02-18T17:39:51
Scrap Metal x100,245,2025-02-18T17:39:51
Light Shard x100,126,2025-02-18T17:39:15
Monster Bone x10,157,2025-02-18T17:39:15
Owlite Feather x100,151,2025-02-18T17:39:15
Grave Soil x100,285,2025-02-18T17:38:10
Gel Drop x100,115,2025-02-18T17:37:35
Green Shard x100,132,2025-02-18T17:37:35
Iron Gear x100,275,2025-02-18T17:37:35
Forbidden Fruit x100,165,2025-02-18T17:36:30
Bronze Bolt x100,245,2025-02-18T17:35:55
Hallow Goggles,199,2025-02-18T03:07:34
Glacius Recipe,25000,2025-02-18T02:48:10
Flame Soul x3,1200,2025-02-18T02:09:50
Philoso Feather x2,800,2025-02-18T02:09:50
Reaper Rib x6,2400,2025-02-18T02:09:50
Chapeau of the Coral Rose,290000,2025-02-18T02:04:14
Tabard of the Coral Rose,69000,2025-02-18T02:02:34
Sentenza Recipe,32599,2025-02-18T01:41:30
Winter Grave Recipe,36999,2025-02-18T01:41:30
Faust Recipe,15999,2025-02-18T01:40:54
Barbarous Thorn Shield Recipe,33599,2025-02-18T01:39:50
Wolver Coat Recipe,240,2025-02-18T01:30:54
Twisted Snarble Barb,99999,2025-02-18T01:04:50
Nature Sprite,1660069,2025-02-18T00:47:35
Enchanter Aura,2680000,2025-02-18T00:47:35
Gran Faust Recipe,30000,2025-02-18T00:42:34
Radiant Forge Prize Box,175000,2025-02-18T00:41:30
Somnambulist's Totem,12400000,2025-02-18T00:39:14
Lemon Snipe Perch,18645,2025-02-18T00:37:34
Autogun,1900,2025-02-18T00:36:30
Autogun,1900,2025-02-18T00:36:30
Autogun,10900,2025-02-18T00:36:30
Divine Valkyrie Wings,589999,2025-02-18T00:35:54
Celestial Cat Tail,199999,2025-02-18T00:35:54
Autogun,1900,2025-02-18T00:34:50
Autogun,1900,2025-02-18T00:34:50
Autogun,1900,2025-02-18T00:34:50
Autogun,1900,2025-02-18T00:34:50
Autogun,1900,2025-02-18T00:34:50
Autogun,1900,2025-02-18T00:34:50
Autogun,1900,2025-02-18T00:34:50
Autogun,1900,2025-02-18T00:34:50
Power Star,7000,2025-02-18T00:33:10
Reaper Rib,6000,2025-02-18T00:27:34
Ruby Cuirass,80000,2025-02-18T00:11:30
Elite Orb of Alchemy,7999,2025-02-18T00:09:50
Spark of Life,1999,2025-02-18T00:08:10
Spark of Life,1999,2025-02-18T00:08:10
Spark of Life,1999,2025-02-18T00:08:10
Spark of Life,1999,2025-02-18T00:08:10
Spark of Life,1999,2025-02-18T00:06:30
Toasty Node Slime Guards,20000,2025-02-17T23:57:34
Silver Lockbox,2600,2025-02-17T23:54:50
Spur,2000,2025-02-17T23:52:34
Autumn Prize Box,159999,2025-02-17T23:37:34
Frosty Wind-up Key,6300,2025-02-17T23:09:14
Frosty Aero Fin,780,2025-02-17T23:02:34
Frosty Spike Mohawk,540,2025-02-17T23:02:34
Frosty Pipe,1160,2025-02-17T23:02:34
Frosty Mech'tennas,520,2025-02-17T23:02:34
Galactic Guardian Vest,30800,2025-02-17T23:00:54
Tawny Fur Cap,5200,2025-02-17T22:41:30
Fractured Mask of Seerus,20000,2025-02-17T22:32:34
Spark of Life,1499,2025-02-17T21:54:51
Spark of Life,1499,2025-02-17T21:54:51
Bomb Focus Module,77777,2025-02-17T21:50:54
Heavy Targeting Module,24444,2025-02-17T21:49:50
Frosty Draped Armor,19999,2025-02-17T21:47:34
Frosty Cloak,19999,2025-02-17T21:46:30
Frosty Fur Cap,22222,2025-02-17T21:44:14
Dusky Stranger Cap,139999,2025-02-17T21:43:10
Regal Goggles,39999,2025-02-17T21:42:34
Maiden's Tear,13900,2025-02-17T21:05:54
Fusion Blaster Recipe,12500,2025-02-17T20:08:10
Power Star,1750,2025-02-17T20:04:51
Dangerous Hound Coat,900000,2025-02-17T19:52:34
Blazing Pulsar Recipe,14000,2025-02-17T19:40:54
Autogun,1999,2025-02-17T19:38:10
Autogun,1999,2025-02-17T19:38:10
Magic Hood,2555,2025-02-17T19:38:10
Magic Hood,2555,2025-02-17T19:38:10
Ghost Bell x2,5000,2025-02-17T19:19:50
Regal Binocular Visor,8000,2025-02-17T19:06:33
Zee Core x10,22222,2025-02-17T19:02:34
Zee Core x10,22000,2025-02-17T19:02:34
Zee Core x10,22000,2025-02-17T18:54:14
Autogun,250000,2025-02-17T18:44:14
Barbarous Thorn Blade Recipe,35000,2025-02-17T17:59:50
Riftlocker Recipe,32000,2025-02-17T17:41:30
Military Extension Cord,230000,2025-02-17T17:11:33
Military Grand Topper,810,2025-02-17T16:44:50
Hallow Cuirass,138,2025-02-17T16:43:09
Hallow Fur Coat,630,2025-02-17T16:43:09
Hallow Plate Mail,173,2025-02-17T16:43:09
Hallow Scale Mail,310,2025-02-17T16:43:09
Troika,750,2025-02-17T16:04:53
Brandish,1200,2025-02-17T16:01:32
Hallow Fur Coat,7777,2025-02-17T15:08:10
Hallow Fur Coat,7777,2025-02-17T15:08:10
Magnus,12000,2025-02-17T15:03:10
Fine Fabric,999,2025-02-17T15:03:09
Fine Fabric,999,2025-02-17T15:03:09
Shadow Steel,1111,2025-02-17T14:59:51
Leaf Crown,185000,2025-02-17T13:18:10
Green Leafy Aura,580000,2025-02-17T12:44:52
Shadow Steel x4,1600,2025-02-17T12:28:10
Divine Star,1799,2025-02-17T12:28:10
Divine Star,1799,2025-02-17T12:28:10
Philoso Feather x10,4000,2025-02-17T12:26:30
Philoso Feather x7,2800,2025-02-17T12:26:30
Reaper Rib x10,4000,2025-02-17T12:26:30
Reaper Rib x10,4000,2025-02-17T12:26:30
Reaper Rib x10,4000,2025-02-17T12:26:30
Reaper Rib x5,2000,2025-02-17T12:26:30
Royal Core x2,1000,2025-02-17T12:26:30
Phantamos Recipe,20000,2025-02-17T11:11:30
Silver Lockbox,9999,2025-02-17T09:56:29
Fine Fabric,999,2025-02-17T09:34:50
Warp Dust,1499,2025-02-17T09:34:50
Zee Core,999,2025-02-17T09:33:09
Zee Core,999,2025-02-17T09:33:09
Zee Core,999,2025-02-17T09:33:09
Fiendish Amu Glyph,400,2025-02-17T09:26:32
Black Chaingun Recipe,12500,2025-02-17T09:16:29
Sacred Firefly Shade Armor Recipe,40000,2025-02-17T09:06:29
Shadowtech Alchemer Mk II,20000,2025-02-17T08:41:32
Hallow Sallet,600,2025-02-17T08:31:29
Simple Orb of Alchemy,2500,2025-02-17T08:23:10
Heavy Node Slime Guards,7777,2025-02-17T07:56:29
Heavy Node Slime Guards,7777,2025-02-17T07:56:29
Heavy Node Slime Guards,7777,2025-02-17T07:56:29
Late Harvest Brigandine,15555,2025-02-17T07:56:29
Late Harvest Cuirass,15555,2025-02-17T07:56:29
Late Harvest Draped Armor,25555,2025-02-17T07:56:29
Late Harvest Plate Mail,15555,2025-02-17T07:56:29
Dazed Brigandine,15555,2025-02-17T07:54:49
Electric Flak Jacket,17777,2025-02-17T07:54:49
Electric Plate Mail,15555,2025-02-17T07:54:49
Electric Raiment,25555,2025-02-17T07:54:49
Frosty Cuirass,7777,2025-02-17T07:54:49
Frosty Cuirass,7777,2025-02-17T07:54:49
Frosty Plate Mail,7777,2025-02-17T07:54:49
Firestorm Raider Helm,25555,2025-02-17T07:53:12
Squall Raider Helm,25555,2025-02-17T07:53:12
Tawny Fur Cap,20000,2025-02-17T07:53:09
Toasty Field Cap,10000,2025-02-17T07:53:09
Toasty Node Slime Mask,10000,2025-02-17T07:53:09
Wicked Round Helm,20000,2025-02-17T07:53:09
Blazing Scale Mail,25555,2025-02-17T07:53:09
Glacial Sallet,15555,2025-02-17T07:51:29
Peridot Plate Helm,11111,2025-02-17T07:51:29
Regal Aero Helm,44444,2025-02-17T07:51:29
Black Kat Cloak,500000,2025-02-17T07:49:49
Fancy Stranger Cap,33333,2025-02-17T07:49:49
Sad Eyes,300000,2025-02-17T07:36:29
Power Star x6,12000,2025-02-17T05:49:49
Fiendish Nok Glyph x5,2800,2025-02-17T05:29:52
Needle Shot,500000,2025-02-17T04:44:52
Torchstone x100,4999,2025-02-17T04:39:49
Dead Gold x100,4999,2025-02-17T04:38:09
Blaze Pepper x100,13999,2025-02-17T04:34:49
Blighted Bone x100,13999,2025-02-17T04:34:49
Black Kat Cloak,500000,2025-02-17T04:28:09
Cold Snap,300,2025-02-17T04:13:11
Spark of Life x13,20000,2025-02-17T04:08:09
Hallow Cloak,1500,2025-02-17T03:59:49
Hallow Fur Coat,10000,2025-02-17T03:59:49
Hallow Fur Cap,2200,2025-02-17T03:59:49
Hallow Fur Cap,2200,2025-02-17T03:59:49
Hallow Tailed Helm,2200,2025-02-17T03:59:49
Hallow Winged Helm,1200,2025-02-17T03:59:49
Hallow Hood,1800,2025-02-17T03:59:49
Hallow Cloak,1500,2025-02-17T03:58:09
Hallow Fur Coat,10000,2025-02-17T03:58:09
Gremlonium,19999,2025-02-17T03:39:49
Divine Star,2200,2025-02-17T03:39:49
Divine Star,2200,2025-02-17T03:39:49
Divine Star,2200,2025-02-17T03:39:49
Divine Star,2200,2025-02-17T03:38:09
Divine Star,2200,2025-02-17T03:38:09
Divine Star,2200,2025-02-17T03:38:09
Divine Star,2200,2025-02-17T03:38:09
Gremlonium,7000,2025-02-17T03:31:29
Volcanic Node Slime Guards,300000,2025-02-17T03:24:52
Prismatic Bolted Vee,2000,2025-02-17T02:44:51
Power Orb x5,5000,2025-02-17T02:36:31
Owlite Feather x4,3000,2025-02-17T02:33:09
Radiant Pulsar Recipe,15000,2025-02-17T02:14:49
Charged Raider Horns,73000,2025-02-17T02:11:32
Crest of Almire Recipe,35000,2025-02-17T02:08:10
Clover Eyes,42000,2025-02-17T02:08:09
Bubbles,320,2025-02-17T02:08:09
Leaf Confetti x2,500,2025-02-17T02:08:09
Spring Confetti,260,2025-02-17T02:08:09
Trick or Treat Confetti x10,222,2025-02-17T02:08:09
Party Flare,520,2025-02-17T02:08:09
Winter Raider Helm,9288,2025-02-17T02:06:29
Tabard of the Red Rose,115000,2025-02-17T02:04:49
Firestorm Raider Helm,10500,2025-02-17T02:04:49
Squall Raider Helm,10500,2025-02-17T02:04:49
Prismatic Bolted Vee,1100,2025-02-17T02:03:09
Prismatic Bolted Vee,1100,2025-02-17T02:03:09
Frosty Raider Horns,42000,2025-02-17T02:03:09
Squall Raider Tunic,24000,2025-02-17T02:03:09
Charged Braided Beard,50000,2025-02-17T02:01:29
Charged Braided Plume,50000,2025-02-17T02:01:29
Blaster,100000,2025-02-17T01:54:49
Crest of Almire Recipe,35000,2025-02-17T01:34:49
Punkin Cinnamug,279999,2025-02-17T01:34:49
Seraphic Helm Recipe,6000,2025-02-17T01:28:09
Divine Star x2,3000,2025-02-17T01:01:31
Elite Orb of Alchemy,10000,2025-02-17T00:58:11
Prismatic Bolted Vee,1050,2025-02-17T00:51:29
Flame Soul x100,33333,2025-02-17T00:49:49
Philoso Feather x100,33333,2025-02-17T00:49:49
Reaper Rib x100,33333,2025-02-17T00:49:49
Haunted Aura,50000,2025-02-17T00:49:49
Silver Lockbox,10000,2025-02-17T00:46:30
Silver Lockbox,2800,2025-02-17T00:41:31
Sinful Brew,25,2025-02-17T00:08:09
Unstable Core,20,2025-02-17T00:08:09
Wicked Idol,10,2025-02-17T00:08:09
Ancient Lapel Clover,25555,2025-02-16T22:44:49
Frosty Binoculars,7777,2025-02-16T22:43:09
Frosty Goggles,7777,2025-02-16T22:43:09
Frosty Wide Vee,7777,2025-02-16T22:43:09
Frosty Munitions Pack,7777,2025-02-16T22:43:09
Frosty Intel Tube,7777,2025-02-16T22:43:09
Glacial Helm-Mounted Display,14444,2025-02-16T22:43:09
Heavy Node Container,14444,2025-02-16T22:43:09
Shadow Helm-Mounted Display,17777,2025-02-16T22:43:09
Blazing Maid Headband,16666,2025-02-16T22:41:29
Blazing Com Unit,20000,2025-02-16T22:41:29
Cool Mecha Wings,14444,2025-02-16T22:41:29
Charged Raider Helm Crest,29999,2025-02-16T22:41:29
Electric Com Unit,20000,2025-02-16T22:41:29
Electric Mecha Wings,35555,2025-02-16T22:41:29
Electric Plume,35000,2025-02-16T22:41:29
Electric Maid Headband,14444,2025-02-16T22:41:29
Electric Helm-Mounted Display,14444,2025-02-16T22:41:29
Haunted Aura,157800,2025-02-16T22:41:29
Electric Crest,14444,2025-02-16T22:41:29
Avenger Recipe,13500,2025-02-16T22:41:29
Fancy Maid Headband,11111,2025-02-16T22:41:29
Fancy Wide Vee,10000,2025-02-16T22:41:29
Frosty Aero Fin,14444,2025-02-16T22:38:11
Polar Monocle,44444,2025-02-16T22:36:31
Elite Orb of Alchemy,10000,2025-02-16T22:33:10
Military Node Container,15555,2025-02-16T22:33:09
Volcanic Node Container,25555,2025-02-16T22:33:09
Wicked Maid Headband,25555,2025-02-16T22:33:09
Heavy Flower,35555,2025-02-16T22:33:09
Frosty Mech'tennas,14444,2025-02-16T22:33:09
Cool Party Hat,11111,2025-02-16T22:33:09
Frosty Fur Coat,44444,2025-02-16T22:31:29
Late Harvest Fur Coat,111111,2025-02-16T22:31:29
Celestial Mech'tennas,20000,2025-02-16T22:24:49
Heavy Alpha Vertical Vents,150000,2025-02-16T22:24:49
Military Braided Plume,100000,2025-02-16T22:24:49
Fancy Braided Beard,100000,2025-02-16T22:24:49
Toasty Braided Beard,100000,2025-02-16T22:24:49
Celestial Spike Mohawk,18888,2025-02-16T22:23:09
Wolver Cap,2555,2025-02-16T20:58:08
Wolver Cap,2555,2025-02-16T20:58:08
Wolver Cap,2555,2025-02-16T20:58:08
Blaster,1999,2025-02-16T20:58:08
Blaster,1888,2025-02-16T20:58:08
Brandish,3333,2025-02-16T20:58:08
Brandish,1999,2025-02-16T20:58:08
Brandish,1999,2025-02-16T20:58:08
Flourish,2555,2025-02-16T20:58:08
Dark Thorn Blade,100000,2025-02-16T20:18:08
Copper Lockbox,55000,2025-02-16T20:03:08
Toasty Stranger Robe,20000,2025-02-16T19:58:08
Green Ward,15000,2025-02-16T19:46:30
Static Flash,2000,2025-02-16T19:44:52
Chilling Duelist,10000,2025-02-16T19:44:51
Enamorock x5,25000,2025-02-16T18:51:28
Enamorock x5,25000,2025-02-16T18:51:28
Mod Calibrator,19999,2025-02-16T18:49:48
Fusion Blaster Recipe,17500,2025-02-16T18:24:49
Dot Eyes,300000,2025-02-16T18:06:28
Regal Wolver Tail,189000,2025-02-16T17:36:30
Mega Tundrus Recipe,13000,2025-02-16T17:34:50
Toxic Core x10,100,2025-02-16T17:21:30
